	sentiment	text	perplexity	keywords	num_keywords	num_keywords_not_used
0	[negative]	 Wir waren in diesem Hotel. Das Essen war ungenießbar. Es gab jeden Tag das selbe. Es gab nicht einmal frisches Obst. Es gab kein frisches Brot. Es gab nur eine Sorte Wurst. Die Atmosphäre war sehr schlecht. Es gab nur eine Sorte Brot. Das Wasser war kalt. Der Kaffee war ungenießbar. Es gab nur eine Sorte Tee. Es gab kein warmes Wasser. Der Kaffee war ungenießbar. Es gab nur eine Sorte Milch. Es gab nur eine Sorte Wasser. Es gab nur Wasser. Es gab nur eine Sorte Wasser. Es gab nur eine Sorte Wasser. Es gab nur eine Sorte Wasser. Es	1.0570155190229755	['Fitness', 'Atmosphäre', 'Hilfe']	3	2
1	[negative]	 Wir waren in diesem Hotel. Der Service war schlecht. Die Zimmerreinigung war auch nicht gerade gut. Das Essen war sehr schlecht. Es gab immer das selbe. Es gab nur eine Sorte Fleisch, eine Sorte Fisch, eine Sorte Gemüse, eine Sorte Gemüse, eine Sorte Fleisch, eine Sorte Gemüse, eine Sorte Gemüse, eine Sorte Gemüse, eine Sorte Gemüse, eine Sorte Gemüse, eine Sorte Gemüse, eine Sorte Gemüse, eine Sorte Gemüse, eine Sorte Gemüse, eine Sorte Gemüse, eine Sorte Gemüse, eine Sorte Gemüse, eine Sorte Gemüse, eine Sorte Gemüse, eine Sorte Gemüse, eine Sorte Gemüse, eine Sorte Gemüse, eine Sorte Gemüse	1.061842628927501	['Fitness', 'Empfang', 'Badezimmer']	3	3
2	[positive]	 Wir waren in diesem Hotel. Die Zimmer sind sehr groß und sauber. Es gibt einen kleinen Kühlschrank, einen Safe, ein Telefon, eine Minibar, einen Fernseher und einen kleinen Kühlschrank. Das Bad ist sehr groß und sehr sauber. Es gibt auch einen kleinen Kühlschrank, den wir aber nicht genutzt haben. Das Zimmer war sehr sauber und das Bett sehr beqüm. Die Lage ist sehr schön und man kann zu Fuß in den Ort fahren. Das Personal ist sehr freundlich und hilfsbereit. Das Essen ist sehr gut und abwechslungsreich. Es gibt auch eine große Auswahl an warmen Speisen. Es gibt jeden Tag das gleiche und es gibt immer etwas zu essen	1.0758222932993808	['Lage', 'Kosmetikartikel', 'Freizeit']	3	2
3	[negative]	 Wir waren in diesem Hotel. Das Essen war ungenießbar. Es gab nur eine Sorte Wurst und eine Sorte Käse. Das Fleisch war sehr trocken. Das Gemüse war sehr wenig gewürzt. Es gab nur eine Sorte Fleisch. Das Brot war sehr trocken. Es gab nur eine Sorte Brot. Das Brot war sehr trocken. Es gab nur eine Sorte Wurst und eine Sorte Käse. Das Brot war sehr trocken. Es gab nur eine Sorte Brot. Das Brot war sehr trocken. Es gab nur eine Sorte Brot. Das Brot war sehr trocken. Es gab nur eine Sorte Brot. Das Brot war sehr trocken. Es gab nur eine Sorte Brot	1.056108857342355	['Atmosphäre', 'Erreichbarkeit', 'Lage']	3	3
4	[negative]	 Wir waren in diesem Hotel. Das Essen war ungenießbar. Es gab so gut wie keine Abwechslung. Das Personal ist sehr unfreundlich. Die Sauberkeit im Restaurant ist sehr schlecht. Die Tische werden nicht abgeräumt, die Stühle nicht sauber gemacht. Das Wasser in der Badewanne wird nicht aufgefüllt. Das Personal ist sehr unfreundlich. Man wird nicht in Ruhe gelassen. Das Essen ist sehr schlecht. Es gibt nur eine Sorte Wurst und eine Sorte Käse. Es gibt immer das gleiche. Es gibt immer das gleiche. Das Personal ist sehr unfreundlich. Das Wasser in der Badewanne wird nicht aufgefüllt. Das Wasser in der Dusche wird nicht	1.0550604668447576	['Sauberkeit', 'Badewanne', 'Eindruck']	3	1
5	[negative]	 Wir waren in diesem Hotel. Das Essen war ungenießbar. Personal unfreundlich und unmotiviert. Das Personal war sehr unfreundlich. Die Zimmerreinigung war sehr schlecht. Die Handtücher wurden täglich gewechselt. Das Zimmer war dreckig. Das Bett war durchgelegen. Die Bettwäsche wurde jeden Tag gewechselt. Die Handtücher wurden auch nicht gewechselt. Das Essen war ungenießbar. Das Personal war sehr unfreundlich. Das Essen war ungenießbar. Das Personal war sehr unfreundlich. Die Zimmerreinigung war sehr schlecht. Die Handtücher wurden jeden Tag gewechselt. Das Zimmer war dreckig. Das Personal war sehr unfreundlich. Das Essen war ungen	1.0506734454359188	['Atmosphäre', 'Personal', 'Handtuch']	3	1
6	[negative]	 Wir waren in diesem Hotel. Nie wieder! Das Hotel ist in einem sehr schlechten Zustand. Die gesamte Anlage ist sehr schmutzig. Personal ist sehr unfreundlich. Das Essen ist sehr schlecht. Das Personal ist sehr unfreundlich. Das Personal ist sehr unfreundlich. Das Essen ist sehr schlecht. Das Personal ist sehr unfreundlich. Das Essen ist sehr schlecht. Das Personal ist sehr unfreundlich. Das Essen ist sehr schlecht. Das Personal ist sehr unfreundlich. Das Essen ist sehr schlecht. Das Personal ist sehr unfreundlich. Das Essen ist sehr schlecht. Das Essen ist sehr schlecht. Das Essen ist sehr schlecht. Das Essen ist sehr schlecht	1.0623942403058375	['Schwimmbad', 'Personal', 'Zimmerservice']	3	2
7	[negative]	 Wir waren in diesem Hotel. Das Essen war ungenießbar. Es gab jeden Tag das selbe. Die Preise sind auch nicht gerade günstig. Es gibt immer das gleiche. Beim Frühstück gab es immer das selbe. Das Brot war sehr trocken. Es gab eine Sorte Wurst und eine Sorte Käse. Nach dem Frühstück gab es immer das selbe. Das Brot war sehr trocken. Es gab eine Sorte Wurst und eine Sorte Käse. Nach dem Frühstück gab es immer das selbe. Das Essen war sehr schlecht. Es gab immer das selbe. Es gab immer das gleiche. Die Klimaanlage funktionierte nicht richtig. Es gab immer das gleiche. Es gab immer das	1.0718345922197487	['Preis', 'Klimaanlage', 'Haustier']	3	1
8	[negative]	 Wir waren in diesem Hotel. Das Essen war ungenießbar. Es gab jeden Tag das gleiche Essen. Es gab jeden Tag das selbe Essen. Es gab jeden Tag das selbe in anderen Restaurants. Das Personal war sehr unfreundlich. Es gibt keine Handtücher bei der Ankunft. Es gab nur eine Person an der Rezeption, die sich um Sauberkeit kümmerte. Sie war sehr unfreundlich. Es gab nur eine Person an der Rezeption, die sich um die Kinder kümmerte. Sie war sehr unfreundlich. Es gab nur einen Mitarbeiter an der Rezeption, der sich um die Kinder kümmerte. Es gab nur einen Mitarbeiter an der Rezeption, der	1.0519054807467607	['Kind', 'Restaurant', 'Handtuch']	3	0
9	[negative]	 Wir waren in diesem Hotel. Das Essen war ungenießbar. Es gab immer das gleiche Essen. Es gab so gut wie keine Abwechslung. Es gab immer das selbe Essen. Es gab immer das selbe Essen. Ich habe selten so eine schlechte Qualität gesehen. Die Qualität der Speisen war sehr schlecht. Es gab immer das gleiche Essen. Es gab immer das gleiche Essen. Es gab immer das gleiche Essen. Es gab immer das gleiche Essen. Es gab immer das gleiche Essen. Ich habe selten so eine schlechte Qualität gesehen. Die Qualität der Speisen war sehr schlecht. Es gab immer das gleiche Essen. Es gab immer das gleiche Essen. Es	1.0464877646428858	['Badewanne', 'Rechnung', 'Spa']	3	3
10	[positive]	 Wir waren in diesem Hotel. Das Personal war sehr freundlich und hilfsbereit. Das Essen war sehr gut. Die Atmosphäre im Restaurant war sehr angenehm. Das Personal war immer freundlich und hilfsbereit. Die Zimmer wurden jeden Tag gereinigt. Das Zimmer war immer sauber und das Bad war auch immer sehr schön. Das Personal war immer hilfsbereit und freundlich. Das Personal an der Rezeption war sehr hilfsbereit und freundlich. Die Zimmer wurden jeden Tag gereinigt und das Zimmer wurde jeden Tag gereinigt. Die Zimmer wurden jeden Tag gereinigt und das Zimmer wurde jeden Tag mit frischen Handtüchern versehen. Das Personal war immer freundlich und hilfsbereit. Die Zimmer wurden jeden Tag gereinigt und das Zimmer wurde	1.0565319356915612	['Atmosphäre', 'Studio', 'Empfang']	3	2
11	[negative]	 Wir waren in diesem Hotel. Das Essen war ungenießbar. Es gab täglich das gleiche. Das Personal war sehr unfreundlich. Das Personal an der Rezeption war sehr unmotiviert. Das Personal an der Bar war auch sehr unfreundlich. Die Handtücher wurden nicht gewechselt. Die Zimmerreinigung war sehr schlecht. Die Reinigung der Minibar war sehr schlecht. Die Reinigung der Bettwäsche war sehr schlecht. Die Bettwäsche wurde nicht gewechselt. Die Handtücher wurden nicht gewechselt. Die Reinigung der Zimmer war sehr schlecht. Die Handtücher wurden nicht gewechselt. Die Reinigung der Zimmer war sehr schlecht. Die Reinigung der Zimmer war sehr schlecht. Die Reinigung der Zimmer war sehr schlecht	1.0615938225760646	['Handtuch', 'Heizung', 'Minibar']	3	1
12	[negative]	 Wir waren in diesem Hotel. Das Essen war ungenießbar. Es war sehr schlecht. In diesem Hotel gibt es keinen Service. Man kann nicht essen. Das Personal ist sehr unfreundlich. Die Zimmer sind sehr alt und dreckig. Die Handtücher werden jeden Tag gewechselt. Das Essen ist ungenießbar. Es gibt nur Wassermelonen. Es gibt kein Geschirr. Kaffee kann man nicht trinken. Das Personal ist sehr unfreundlich. Man kann nicht essen. Das Essen ist ungenießbar. Es gibt nur Wassermelonen. Es gibt nur Wassermelonen. Es gibt kein Geschirr. Das Personal ist sehr unfreundlich. Es gibt	1.0674859435878383	['Badewanne', 'Kaffee', 'Kind']	3	2
13	[negative]	 Wir waren in diesem Hotel. Dieses Hotel ist eine Zumutung. Das Essen ist ungenießbar. Die Sauberkeit ist eine Zumutung. Das Personal ist unfreundlich und unmotiviert. Das Personal an der Rezeption ist sehr unfreundlich und unmotiviert. Das Personal an der Bar ist sehr unfreundlich und unmotiviert. Das Personal an der Rezeption ist sehr unfreundlich und unmotiviert. Das Personal an der Bar ist sehr unfreundlich und unmotiviert. Das Personal an der Bar ist sehr unfreundlich und unmotiviert. Das Personal an der Bar ist sehr unfreundlich und unmotiviert. Das Personal an der Bar	1.0785240664377262	['Hilfe', 'Leistungs', 'Sauberkeit']	3	2
14	[negative]	 Wir waren in diesem Hotel. Das Essen war sehr schlecht. Es gab nur eine Sorte Fleisch oder Fisch. Das Salatbuffet war sehr schlecht. Es gab immer das selbe. Die Qualität der Speisen war sehr schlecht. Das Gemüse war sehr matschig. Das Fleisch war sehr wenig gewürzt. Es gab immer das gleiche. Es gab nur eine Sorte Gemüse. Das Fleisch war sehr fettig. Das Gemüse war sehr trocken. Es gab nur eine Sorte Fleisch. Das Gemüse war sehr fettig. Das Fleisch war sehr trocken. Das Gemüse war sehr trocken. Das Fleisch war sehr fettig. Das Gemüse war sehr trocken. Das Fleisch war	1.0618920918027466	['Sehenswürdigkeit', 'Fenster', 'Dusche']	3	3
15	[negative]	 Wir waren in diesem Hotel. Nie wieder! Das Hotel ist in einem schlechten Zustand. Das Personal ist unfreundlich. Die Lage ist der Horror. Das Essen ist ungenießbar, die Atmosphäre ist eine Zumutung. Das Personal ist unfreundlich. Das Zimmer ist dreckig und das Bad eine Zumutung. Das Essen ist ungenießbar. Das Personal ist unfreundlich. Die Zimmerreinigung ist ungenießbar. Das Essen ist ungenießbar. Das Essen ist ungenießbar. Das Personal ist unfreundlich. Die Zimmerreinigung ist unfreundlich. Das Essen ist ungenießbar. Das Personal ist unfreundlich. Das Essen ist ungen	1.0718665438418353	['Badewanne', 'Atmosphäre', 'Lage']	3	1
16	[positive]	 Wir waren in diesem Hotel. Das Personal war sehr freundlich und hilfsbereit. Die Zimmer wurden jeden Tag gereinigt. Das Essen war sehr gut und auch die Kinder waren sehr zufrieden. Wir haben uns sehr wohl gefühlt. Das Personal war immer sehr freundlich und hilfsbereit. Die Zimmer wurden jeden Tag gereinigt und das Zimmer wurde jeden Tag gereinigt. Das Personal war sehr nett und hilfsbereit. Die Zimmer wurden jeden Tag gereinigt und das Zimmer wurde jeden Tag gereinigt. Das Zimmer wurde jeden Tag gereinigt und das Zimmer wurde jeden Tag gereinigt. Das Personal war sehr freundlich und hilfsbereit. Die Zimmer wurden jeden Tag gereinigt und das Zimmer wurde jeden Tag gereinigt. Das Zimmer wurde jeden	1.0394759815529155	['Wellness', 'Kind', 'Sauberkeit']	3	2
17	[negative]	 Wir waren in diesem Hotel. Sehr dreckig. Die Handtücher wurden nur einmal gewechselt. Das Essen war sehr schlecht. Es gab nur eine Sorte Wurst und eine Sorte Käse. Wenig Auswahl. Das Essen war sehr schlecht. Es gab nur eine Sorte Wurst und eine Sorte Käse. Es gab nur eine Sorte Wurst und eine Sorte Käse. Das Essen war sehr schlecht. Es gab nur eine Sorte Wurst und eine Sorte Käse. Es gab nur eine Sorte Wurst und eine Sorte Käse. Das Essen war sehr schlecht. Es gab nur eine Sorte Wurst und eine Sorte Käse. Das Essen war sehr schlecht. Es gab nur eine Sorte Wurst und eine Sorte Käse	1.0503678680539865	['Aussicht', 'Schwimmbad', 'Fitness']	3	3
18	[positive]	 Wir waren in diesem Hotel. Das Personal war sehr freundlich und hilfsbereit. Das Essen war sehr gut und abwechslungsreich. Die Zimmer waren sauber und gut ausgestattet. Das Personal war sehr freundlich und hilfsbereit. Das Zimmer wurde jeden Tag gereinigt und das Bett wurde jeden Tag neu bezogen. Das Hotelpersonal war sehr freundlich und hilfsbereit. Das Zimmer wurde jeden Tag gereinigt und das Bett wurde jeden Tag neu bezogen. Das Zimmer wurde jeden Tag mit frischen Handtüchern aufgefüllt. Das Personal war sehr freundlich und hilfsbereit. Das Zimmer wurde jeden Tag gereinigt und das Bett wurde jeden Tag neu bezogen. Das Zimmer wurde jeden Tag gereinigt und das Bett wurde jeden Tag neu bezogen	1.0502298212984025	['Wellness', 'Aussicht', 'Kissen']	3	3
19	[negative]	 Wir waren in diesem Hotel. Das Essen war ungenießbar. Es gab jeden Tag das gleiche Essen. Es gab wenig Abwechslung. Es gab jeden Tag das selbe Essen. Das Salatbuffet war sehr schlecht. Es gab jeden Tag das selbe Salatbuffet. Es gab jeden Tag das selbe Essen. Es gab jeden Tag das selbe Salatbuffet. Es gab jeden Tag das selbe Essen. Es gab jeden Tag das selbe Essen. Es gab jeden Tag das selbe Essen. Es gab jeden Tag das selbe Essen. Es gab jeden Tag das selbe Essen. Es gab jeden Tag das selbe Essen. Es gab jeden Tag das selbe Essen. Es gab jeden	1.0402903496361762	['Rechnung', 'Fenster', 'Heizung']	3	3
20	[positive]	 Wir waren in diesem Hotel. Das Personal war sehr freundlich und hilfsbereit. Das Essen war sehr gut. Es gab jeden Tag das gleiche. Es gab immer was zu essen. Das Personal war immer freundlich und hilfsbereit. Das Zimmer war sehr groß und sauber. Die Betten waren sehr beqüm. Das Bad war auch sehr groß und sauber. Die Handtücher wurden jeden Tag gewechselt. Das Zimmer wurde jeden Tag gesäubert. Es gab auch einen Safe. Das Zimmer war sehr sauber. Das Personal war sehr freundlich und hilfsbereit. Das Essen war auch sehr gut. Es gab jeden Tag das gleiche. Es gab auch jeden Tag das gleiche. Es	1.078451306258116	['Hilfe', 'Personal', 'Rechnung']	3	2
21	[positive]	 Wir waren in diesem Hotel. Das Personal war sehr freundlich und hilfsbereit. Die Zimmer wurden jeden Tag gereinigt. Das Essen war sehr gut. Es gab jeden Tag das gleiche. Es gab jeden Tag das gleiche. Es gab auch jeden Tag das gleiche Essen. Es gab jeden Tag das selbe. Es gab jeden Tag das gleiche. Es gab eine sehr schöne Aussicht auf das Meer. Das Zimmer war sehr sauber. Es gab jeden Tag frische Handtücher. Es gab auch einen Safe. Es gab auch einen Kühlschrank. Es gab auch eine Minibar. Es gab auch einen Safe. Es gab auch eine Telefonzelle. Es gab auch einen TV. Es gab	1.0622511622808373	['Haustier', 'Kosmetikartikel', 'Aussicht']	3	2
22	[negative]	 Wir waren in diesem Hotel. Das Essen war ungenießbar. Es gab immer das gleiche Essen. Es gab nur eine Sorte Wurst und eine Sorte Käse. Das Fleisch war sehr trocken. Es gab jeden Tag das Gleiche. Es gab immer das selbe Essen. Es gab immer das selbe Essen. Das Personal war sehr unfreundlich. Man konnte sich nicht verständigen. Das Essen war sehr schlecht. Es gab immer das gleiche Essen. Es gab immer das gleiche Essen. Es gab immer das gleiche Essen. Es gab immer das gleiche Essen. Es gab immer das gleiche Essen. Es gab immer das gleiche Essen. Es gab immer das gleiche Essen.	1.0390926315440174	['Kissen', 'Kosmetikartikel', 'Preis']	3	3
23	[positive]	 Wir waren in diesem Hotel. Das Hotel ist sehr groß und sehr sauber. Das Personal ist sehr freundlich und hilfsbereit. Das Essen ist gut und abwechslungsreich. Es gibt jeden Tag das gleiche. Es gibt jeden Tag das gleiche Essen. Es ist für jeden etwas dabei. Es gibt jeden Tag das gleiche. Für Kinder gibt es jeden Tag das gleiche Essen. Es gibt jeden Tag das gleiche. Es gibt jeden Tag das gleiche Essen. Es gibt jeden Tag das gleiche. Es gibt jeden Tag das gleiche Essen. Es gibt jeden Tag das gleiche Essen. Es gibt jeden Tag das gleiche Essen. Es gibt jeden Tag das gleiche Essen. Es gibt jeden	1.0509621551133703	['Fenster', 'Kind', 'Freizeit']	3	2
24	[negative]	 Wir waren in diesem Hotel. Das Essen war ungenießbar. Es gab nur das Frühstück. Das Abendessen war ungenießbar. Es gab nur das Mittagessen und das Abendessen. Es gab nur das Mittagessen und das Abendessen. Es gab nur das Mittagessen und das Abendessen. Das Essen war ungenießbar. Es gab nur das Mittagessen und das Abendessen. Es gab nur das Mittagessen und das Abendessen. Es gab nur das Mittagessen und das Abendessen. Es gab nur das Mittagessen und das Abendessen. Es gab nur das Mittagessen und das Abendessen. Es gab nur das Mittagessen und das Abendessen. Es gab nur das Mittagessen und das Abendessen. Es gab nur	1.0393850008040642	['Klimaanlage', 'Leistungs', 'Frühstück']	3	2
25	[positive]	 Wir waren in diesem Hotel. Das Personal war sehr freundlich und hilfsbereit. Wir hatten ein Zimmer mit Blick auf den Pool. Die Zimmer wurden jeden Tag gereinigt. Das Zimmer war groß und sauber. Es gab einen Safe und ein Telefon. Die Zimmer wurden jeden Tag gereinigt. Das Zimmer wurde jeden Tag gesäubert und die Bettwäsche gewechselt. Auch die Handtücher wurden jeden Tag gewechselt. Die Zimmer wurden jeden Tag gereinigt. Das Personal war sehr freundlich und hilfsbereit. Wir hatten ein Zimmer mit Blick auf den Pool. Die Zimmer wurden jeden Tag gereinigt. Das Zimmer war groß und sauber. Es gab einen Safe und ein Telefon. Die Zimmer wurden jeden	1.0490671099934346	['Hilfe', 'Dusche', 'Empfang']	3	3
26	[positive]	 Wir waren in diesem Hotel. Das Personal war sehr freundlich und hilfsbereit. Die Zimmer wurden jeden Tag gereinigt. Das Essen war sehr gut. Es gab jeden Tag das gleiche. Das Personal war sehr freundlich und hilfsbereit. Das Zimmer wurde jeden Tag gesäubert und die Handtücher gewechselt. Das Personal war sehr freundlich und hilfsbereit. Das Essen war sehr gut. Es gab jeden Tag das gleiche. Das Personal war sehr freundlich und hilfsbereit. Das Zimmer wurde jeden Tag gereinigt. Das Essen war sehr gut. Es gab jeden Tag das gleiche. Das Personal war sehr freundlich und hilfsbereit. Das Zimmer wurde jeden Tag gesäubert und die Handtücher gewechselt. Das	1.0370979155716382	['Teekocher', 'Kaffee', 'Badewanne']	3	3
27	[positive]	 Wir waren in diesem Hotel. Die Servicequalität war hervorragend. Das Personal war sehr freundlich und hilfsbereit. Die Zimmer wurden jeden Tag gereinigt und Handtücher gewechselt. Die Zimmer wurden jeden Tag gesäubert. Auch die Toilettenartikel wurden jeden Tag gewechselt. Die Zimmer wurden jeden Tag gereinigt. Die Zimmer wurden jeden Tag gereinigt. Die Zimmer wurden jeden Tag gereinigt. Die Zimmer wurden jeden Tag gereinigt. Die Zimmer wurden jeden Tag gereinigt. Die Zimmer wurden jeden Tag gereinigt. Die Zimmer wurden jeden Tag gereinigt. Die Zimmer wurden jeden Tag gesäubert. Die Zimmer wurden jeden Tag gesäubert. Die Zimmer wurden jeden Tag gesäubert. Die Zimmer	1.058254608739929	['Toilette', 'Rechnung', 'Servicequalität']	3	1
28	[positive]	 Wir waren in diesem Hotel. Sehr gute Lage, das Essen war gut und das Personal sehr freundlich. Das Zimmer wurde jeden Tag gereinigt, das Personal war sehr nett und hilfsbereit. Das Zimmer war immer sehr sauber und das Personal war sehr nett und hilfsbereit. Das Essen war sehr gut und das Personal war sehr freundlich. Das Zimmer wurde jeden Tag gereinigt und das Zimmer wurde jeden Tag gereinigt. Die Zimmer wurden jeden Tag gereinigt und das Zimmer wurde jeden Tag gereinigt. Das Personal war sehr nett und hilfsbereit. Das Zimmer wurde jeden Tag gereinigt und das Zimmer wurde jeden Tag gereinigt. Das Zimmer wurde jeden Tag gereinigt und das Zimmer wurde jeden Tag gereinigt.	1.0423080535860574	['Schwimmbad', 'Lage', 'Haustier']	3	2
29	[negative]	 Wir waren in diesem Hotel. Nie wieder! Das Hotel ist in einem schlechten Zustand. Das Personal ist unfreundlich und unmotiviert. Das Essen ist ungenießbar. Die Zimmer sind sehr klein und alt. Die Zimmerreinigung ist sehr schlecht. Das Personal ist sehr unfreundlich und unmotiviert. Das Essen ist ungenießbar. Die Zimmer sind sehr klein und alt. Die Zimmerreinigung ist sehr schlecht. Das Personal ist sehr unfreundlich und unmotiviert. Das Essen ist ungenießbar. Die Zimmerreinigung ist sehr schlecht. Das Personal ist sehr unfreundlich und unmotiviert. Das Essen ist ungenießbar. Die	1.0584410883397426	['Eindruck', 'Erreichbarkeit', 'Kosmetikartikel']	3	3
30	[positive]	 Wir waren in diesem Hotel. Das Personal war sehr freundlich und hilfsbereit. Das Zimmer wurde jeden Tag gereinigt und das Personal war immer sehr freundlich. Die Lage ist sehr schön und sehr ruhig. Das Essen war sehr gut und abwechslungsreich. Das Personal war immer sehr freundlich und hilfsbereit. Die Zimmer wurden jeden Tag gereinigt und das Zimmer wurde jeden Tag gesäubert. Es gab jeden Tag frische Handtücher. Das Personal war immer sehr freundlich und hilfsbereit. Das Essen war sehr gut und abwechslungsreich. Das Zimmer wurde jeden Tag gereinigt und das Zimmer wurde jeden Tag gesäubert. Es gab jeden Tag frische Handtücher. Das Personal war immer sehr freundlich und hilfsbereit.	1.0402879313996534	['Wellness', 'Lage', 'Sauberkeit']	3	2
31	[negative]	 Wir waren in diesem Hotel. Das Personal war sehr unfreundlich und unmotiviert. Die Zimmerreinigung war sehr schlecht. Die Handtücher wurden nicht gewechselt, die Bettwäsche wurde nur am Tag gewechselt. Die Betten waren sehr unbeqüm. Die Handtücher wurden nur am Tag gewechselt. Die Handtücher wurden nur am Tag gewechselt. Die Bettwäsche wurde nur am Tag gewechselt. Die Handtücher wurden nur am Tag gewechselt. Die Bettwäsche wurde nur am Tag gewechselt. Die Handtücher wurden nur am Tag gewechselt. Die Bettwäsche wurde nur am Tag gewechselt. Die Handtücher wurden nur am Tag gewechselt. Die Bettwäsche wurde nur am Tag gewechselt. Die Handtücher wurden nur am Tag gewechselt.	1.190344965562438	['Lage', 'Haustier', 'Preis']	3	3
32	[negative]	 Wir waren in diesem Hotel. Das Essen war ungenießbar. Es gab jeden Tag das selbe. Das Personal war sehr unfreundlich und unmotiviert. Das Personal an der Rezeption war sehr unfreundlich und unmotiviert. Das Personal an der Bar war sehr unfreundlich und unmotiviert. Das Personal an der Rezeption war sehr unfreundlich und unmotiviert. Das Personal an der Bar war sehr unfreundlich und unmotiviert. Das Personal an der Bar war sehr unfreundlich und unmotiviert. Das Personal an der Bar war sehr unfreundlich und unmotiviert. Das Personal an der Bar war sehr unfreundlich und un	1.0456994673439237	['Handtuch', 'Personal', 'Parkplatz']	3	2
33	[positive]	 Wir waren in diesem Hotel. Die Lage ist super. Der Strand ist auch in Minuten zu Fuß zu erreichen. Das Hotel ist sehr groß und sehr sauber. Das Personal ist sehr freundlich und hilfsbereit. Das Essen ist sehr gut und abwechslungsreich. Die Zimmer sind sehr groß und sehr sauber. Das Personal ist sehr freundlich und hilfsbereit. Das Zimmer ist sehr groß und sehr sauber. Das Essen ist sehr gut und abwechslungsreich. Das Personal ist sehr freundlich und hilfsbereit. Das Zimmer ist sehr groß und sehr sauber. Das Personal ist sehr freundlich und hilfsbereit. Das Zimmer ist sehr groß und sehr sauber. Das Personal ist sehr freundlich und hilfsbereit. Das Zimmer ist	1.0607329825273097	['Parkplatz', 'Schwimmbad', 'Lage']	3	2
34	[negative]	 Wir waren in diesem Hotel. Das Essen war ungenießbar. Es gab so gut wie immer das selbe. Die Qualität der Speisen war sehr schlecht. Im Bett waren die Ränder des Bettes und die Ränder der Handtücher. Es gab jeden Tag das gleiche Essen. Es gab kein griechisches Essen. Es gab nur eine Sorte Fleisch und eine Sorte Fisch. Das Fleisch war sehr fettig. Es gab jeden Tag das selbe. Es gab nur eine Sorte Gemüse. Es gab nur eine Sorte Fleisch und eine Sorte Fisch. Das Gemüse war sehr fettig. Es gab nur eine Sorte Fleisch und eine Sorte Fisch. Es gab nur eine Sorte Gemüse	1.0520858483072426	['WLAN', 'Rechnung', 'Bett']	3	2
35	[positive]	 Wir waren in diesem Hotel. Das Personal war sehr freundlich und hilfsbereit. Die Zimmer wurden jeden Tag gereinigt. Das Frühstück war sehr gut und reichhaltig. Das Abendessen war sehr gut. Die Atmosphäre war sehr angenehm. Das Essen war sehr gut und abwechslungsreich. Wir hatten Halbpension gebucht. Das Personal war sehr freundlich und hilfsbereit. Das Essen war sehr gut und abwechslungsreich. Wir hatten Halbpension gebucht. Das Essen war sehr gut und abwechslungsreich. Das Personal war sehr freundlich und hilfsbereit. Das Essen war sehr gut und abwechslungsreich. Wir hatten Halbpension gebucht. Das Essen war sehr gut und abwechslungsreich. Das Personal war sehr freundlich und hilfsbereit. Das Essen war sehr gut	1.0400837192078876	['Atmosphäre', 'Empfang', 'Rechnung']	3	2
36	[positive]	 Wir waren in diesem Hotel. Die Zimmer sind sehr groß und sauber. Die Betten sind sehr beqüm und die Matratzen sehr beqüm. Das Bad ist sehr groß und sehr sauber. Das Zimmer verfügt über eine Klimaanlage, einen Safe, einen Kühlschrank, Telefon, TV, Telefon und einen Balkon. Das Zimmer wurde jeden Tag gereinigt und das Personal war sehr freundlich und hilfsbereit. Das Frühstück war sehr reichhaltig und lecker. Es gab eine große Auswahl an Wurst, Käse, Käse, Marmelade, Cornflakes, Brot, Brötchen, Cornflakes, Cornflakes, Cornflakes, Toast, Marmelade, Brot, Brötchen,	1.0498825700854395	['Ausstattung', 'Frühstück', 'Komfort']	3	2
37	[negative]	 Wir waren in diesem Hotel. Das Essen war ungenießbar. Es gab jeden Tag das selbe. Es gab nur eine Sorte Fleisch, Fisch und Gemüse, das Fleisch war nicht genießbar. Es gab nur eine Sorte Gemüse, das Gemüse war ungenießbar. Es gab nur eine Sorte Gemüse, das Fleisch war ungenießbar. Es gab nur eine Sorte Fleisch, das Gemüse war ungenießbar. Es gab nur eine Sorte Gemüse, das Gemüse war ungenießbar. Es gab nur eine Sorte Fleisch, das Gemüse war ungenießbar. Es gab nur eine Sorte Gemüse, das Gemüse war ungenießbar. Es gab nur	1.0540367745328576	['Bett', 'Wellness', 'Preis']	3	3
38	[negative]	 Wir waren in diesem Hotel.Die Sauberkeit im Hotel ist sehr schlecht. Die Tische und Stühle sind dreckig und dreckig. Handtücher wurden nicht gewechselt, der Boden wurde nicht sauber gemacht, die Toilettenpapierhalter waren dreckig, die Tischdecken wurden nicht gewechselt, das Geschirr war dreckig, die Gläser waren dreckig, die Teller wurden nicht gewechselt, das Geschirr wurde nicht gewechselt, das Besteck wurde nicht gewechselt, das Geschirr wurde nicht gewechselt, das Geschirr wurde nicht gewechselt, das Geschirr wurde nicht gewechselt, das Geschirr wurde nicht gewechselt, das Geschirr wurde nicht gewechselt, das Geschirr wurde nicht gewechselt, das Geschirr wurde nicht gewechselt, das Geschirr	1.0669379048589402	['Handtuch', 'Preis', 'Hilfe']	3	2
39	[negative]	 Wir waren in diesem Hotel. Nie wieder! Das Hotel ist in einem schlechten Zustand. Das Personal ist unfreundlich und unmotiviert. Das Essen ist ungenießbar. Das Personal ist sehr unfreundlich und unmotiviert. Das Zimmer ist dreckig und dreckig. Die Badezimmer sind sehr veraltet und der Toilettendeckel ist nicht mehr zu schließen. Das Essen ist ungenießbar. Das Personal ist sehr unfreundlich und unmotiviert. Das Zimmer ist sehr klein und das Bad sehr klein. Das Essen ist ungenießbar. Das Personal ist sehr unfreundlich und unmotiviert. Das Zimmer ist sehr klein und das Bad sehr klein	1.0686564091857733	['Teekocher', 'Geräuschpegel', 'Toilette']	3	2
40	[positive]	 Wir waren in diesem Hotel. Die Zimmer sind sehr schön und sauber. Das Personal ist sehr freundlich und hilfsbereit. Das Essen ist sehr gut und abwechslungsreich. Das Personal ist sehr höflich und hilfsbereit. Man fühlt sich sehr wohl und fühlt sich sehr gut aufgehoben. Die Zimmer sind sehr sauber und das Personal ist sehr freundlich und hilfsbereit. Das Zimmer ist auch sehr groß und sehr sauber. Die Zimmer werden jeden Tag gereinigt und das Personal ist sehr hilfsbereit und hilfsbereit. Das Essen ist sehr gut und abwechslungsreich. Das Personal ist sehr freundlich und hilfsbereit. Das Zimmer ist auch sehr groß und sehr sauber. Das Personal ist sehr freundlich und hilfsbereit. Das Zimmer ist	1.0407716052892035	['Hilfe', 'Teekocher', 'Freizeit']	3	3
41	[positive]	 Wir waren in diesem Hotel. Die Zimmer sind sehr schön und groß. Das Bad ist sehr geräumig und die Badewanne ist auch sehr schön. Die Betten sind sehr beqüm und beqüm. Das Zimmer ist sehr sauber und das Personal ist sehr freundlich. Die Zimmer sind sehr groß und sehr geräumig. Das Zimmer wird jeden Tag gereinigt. Das Personal ist sehr freundlich und hilfsbereit. Das Essen ist auch sehr gut und abwechslungsreich. Das Personal ist sehr hilfsbereit und hat immer ein Lächeln auf den Lippen. Das Personal ist sehr nett und hilfsbereit. Die Zimmer sind sehr sauber und das Personal ist sehr freundlich. Der Strand ist auch sehr schön und das	1.0543188751560255	['Eindruck', 'Badewanne', 'Kaffee']	3	2
42	[negative]	 Wir waren in diesem Hotel. Das Essen war schlecht, es gab immer das gleiche. Es gab jeden Tag das selbe. Es gab kein warmes Essen. Es gab immer das selbe. Es gab kein griechisches Essen. Es gab nur eine Salatbar. Das Fleisch war sehr fettig. Es gab jeden Tag das selbe. Es gab kein Obst. Es gab jeden Tag das selbe. Es gab immer das selbe. Jeden Tag das gleiche. Es gab nur ein Salatbuffet. Es gab jeden Tag das selbe. Es gab jeden Tag das selbe. Es gab jeden Tag das selbe. Es gab jeden Tag das selbe. Es gab jeden Tag	1.0429634406933432	['Haustier', 'Heizung', 'Freizeit']	3	3
43	[negative]	 Wir waren in diesem Hotel. Das Essen war ungenießbar. Es gab jeden Tag das selbe. Es gab jeden Abend das gleiche. Das Fleisch war sehr fettig. Es gab jeden Tag das selbe. Das Essen war ungenießbar. Es gab jeden Tag das selbe. Es gab jeden Tag das selbe. Das Fleisch war sehr fettig. Es gab jeden Tag das selbe. Es gab jeden Tag das selbe. Es gab jeden Tag das selbe. Das Essen war ungenießbar. Es gab jeden Tag das selbe. Es gab jeden Tag das selbe. Es gab jeden Tag das selbe. Es gab jeden Tag das selbe. Es	1.0450264733827732	['Lobby', 'Kissen', 'Zimmerservice']	3	3
44	[positive]	 Wir waren in diesem Hotel. Die Zimmer sind sehr groß und sauber. Die Betten sind sehr beqüm und beqüm. Die Betten sind sehr beqüm und der Kopfkissenbezug lässt sich in Ruhe legen. Das Bad verfügt über eine Badewanne und eine Dusche. Alles ist sehr sauber. Der Zimmerservice ist sehr freundlich und immer hilfsbereit. Wir hatten ein Zimmer mit Blick auf den Pool. Das Zimmer war sehr geräumig und sehr sauber. Das Zimmer selbst verfügt über einen Fernseher, einen Safe, einen kleinen Kühlschrank und einen Wasserkocher. Es gibt einen Safe auf dem Zimmer. Die Betten sind sehr beqüm und die Matratzen sehr be	1.0598665034714336	['Badewanne', 'Ruhe', 'Zimmerservice']	3	0
45	[positive]	 Wir waren in diesem Hotel. Das Personal war sehr freundlich und hilfsbereit. Die Zimmer wurden jeden Tag gereinigt und das Zimmer wurde jeden Tag mit frischen Handtüchern aufgefüllt. Das Essen war sehr gut und abwechslungsreich. Es gab jeden Tag das gleiche und es gab immer was zu essen. Das Personal war immer sehr freundlich und hilfsbereit. Die Zimmer wurden jeden Tag gereinigt und das Zimmer wurde jeden Tag mit frischen Handtüchern aufgefüllt. Das Essen war sehr gut und abwechslungsreich. Es gab jeden Tag das gleiche und es gab immer was zu essen. Das Personal war immer sehr freundlich und hilfsbereit. Die Zimmer wurden jeden Tag gereinigt und das Zimmer wurde jeden Tag	1.041111285849349	['Atmosphäre', 'Wellness', 'WLAN']	3	3
46	[negative]	 Wir waren in diesem Hotel. Das Essen war ungenießbar. Es gab immer das gleiche. Das Personal war sehr unfreundlich. Die Zimmerreinigung war auch sehr schlecht. Man wurde nicht einmal von der Putzfrau geweckt. Es gab das falsche Fenster, aber das war auch nicht das Problem. Das Zimmer war sehr dreckig. Die Handtücher wurden nicht gewechselt, die Bettwäsche wurde auch nicht gewechselt. Die Bettwäsche wurde auch nicht gewechselt. Das Personal war sehr unfreundlich. Es gab sehr viele Kinder. Es gab auch kein warmes Wasser. Das Essen war ungenießbar. Es gab jeden Tag das gleiche. Es gab auch kein warmes Wasser.	1.0518901040636697	['Zimmerservice', 'Fenster', 'Kind']	3	1
47	[negative]	 Wir waren in diesem Hotel. Das Essen war ungenießbar. Es gab jeden Tag das gleiche. Es gab jeden Tag das selbe. Es gab nur eine Sorte Wurst. Es gab jeden Tag das selbe. Es gab jeden Tag das selbe. Es gab jeden Tag das selbe. Es gab jeden Tag das selbe. Es gab jeden Tag das selbe. Es gab jeden Tag das selbe. Es gab jeden Tag das selbe. Es gab jeden Tag das selbe. Es gab jeden Tag das selbe. Es gab jeden Tag das selbe. Es gab jeden Tag das selbe. Es gab jeden Tag das selbe. Es gab jeden Tag das selbe. Es	1.0542096491103874	['Aussicht', 'Restaurant', 'Wellness']	3	3
48	[positive]	 Wir waren in diesem Hotel. Das Personal war sehr freundlich und hilfsbereit. Das Essen war sehr gut und abwechslungsreich. Die Zimmer wurden jeden Tag gesäubert und das Zimmer wurde immer ordentlich gereinigt. Das Personal war sehr nett und hilfsbereit. Die Zimmer hatten Klimaanlage, TV, Telefon, Safe, Telefon, Kühlschrank, Telefon usw. Das Frühstück war sehr gut und reichlich. Es gab ein großes Angebot an Brotsorten, Wurst, Käse, Marmelade, Obst, Müsli, Cornflakes, Cornflakes, Cornflakes, Cornflakes, Cornflakes, Cornflakes, Cornflakes, Cornflakes, Cornfla	1.048419284077423	['Heizung', 'Frühstück', 'Klimaanlage']	3	1
49	[positive]	 Wir waren in diesem Hotel. Die Zimmer sind groß und sehr sauber. Das Bad ist sehr groß und sehr schön. Wir hatten eine Badewanne mit Duschvorhang, was sehr angenehm war. Das Zimmer wurde jeden Tag gereinigt. Das Personal war sehr freundlich und hilfsbereit. Die Zimmer wurden jeden Tag gereinigt und der Zimmerservice war immer sehr schnell. Das Essen war sehr gut und abwechslungsreich. Wir hatten Halbpension gebucht. Das Frühstück war sehr reichhaltig und lecker. Es gab eine reichhaltige Auswahl an Wurst, Käse, Cornflakes, Brot, Brötchen, Joghurts, Butter, Marmelade, Müsli, Cornflakes, Cornflakes, Cornfla	1.0466593737991652	['Studio', 'Heizung', 'Hilfe']	3	3
