	sentiment	text	gen_text	perplexity	keywords	num_keywords	num_keywords_not_used
0	[negative]	[negative] Wir waren in diesem Hotel. Es ist einfach nur eine Zumutung, die Atmosphäre im Hotel war einfach nur schlecht und der Fitnessbereich war auch nicht der Hilfe wert. Man hat sich in diesem Hotel total unwohlgefühlt. Das Personal war unfreundlich und hatte keine Lust mehr. Die Bar war auch total schlecht. Man mußte sich wirklich eine Scheibe abschneiden, wenn man ein Hotel bucht. Der Pool war dreckig und total in die Jahre gekommen. Die Tische wurden von den Gästen einfach nur nicht aufgefüllt, es wurde auch nicht	 Wir waren in diesem Hotel. Es ist einfach nur eine Zumutung, die Atmosphäre im Hotel war einfach nur schlecht und der Fitnessbereich war auch nicht der Hilfe wert. Man hat sich in diesem Hotel total unwohlgefühlt. Das Personal war unfreundlich und hatte keine Lust mehr. Die Bar war auch total schlecht. Man mußte sich wirklich eine Scheibe abschneiden, wenn man ein Hotel bucht. Der Pool war dreckig und total in die Jahre gekommen. Die Tische wurden von den Gästen einfach nur nicht aufgefüllt, es wurde auch nicht	1.065064635711464	['Fitness', 'Atmosphäre', 'Hilfe']	3	0
1	[negative]	[negative] Wir waren in diesem Hotel.Zimmer waren schmutzig, das Badezimmer war dreckig und ekelig.Fitness-geräte gab es nur in Fitnessempfang Empfang: nicht zu empfehlen!Der Pool war dreckig!Es waren auch nicht genug Liegen, die man reservieren hatte!Es waren auch nicht genug Sitzgelegenheiten für die Gäste.Die Pools waren dreckig.Es waren nur zwei Liegen für die Gäste am Strand und der andere für die Bar.Die Pools waren sehr dreckig. Es wurde nicht richtig gereinigt.Das Essen war das Letzte!	 Wir waren in diesem Hotel.Zimmer waren schmutzig, das Badezimmer war dreckig und ekelig.Fitness-geräte gab es nur in Fitnessempfang Empfang: nicht zu empfehlen!Der Pool war dreckig!Es waren auch nicht genug Liegen, die man reservieren hatte!Es waren auch nicht genug Sitzgelegenheiten für die Gäste.Die Pools waren dreckig.Es waren nur zwei Liegen für die Gäste am Strand und der andere für die Bar.Die Pools waren sehr dreckig. Es wurde nicht richtig gereinigt.Das Essen war das Letzte!	1.0985537674147743	['Fitness', 'Empfang', 'Badezimmer']	3	0
2	[positive]	[positive] Wir waren in diesem Hotel. Die Lage ist super. Der Sandstrand ist direkt vor der Tür und das Essen ist auch gut. Die Getränke sind super und das Personal ist freundlich. Die Leute an der Rezeption sind super nett und sprechen gut deutsch. Die Zimmer sind sehr sauber und die Zimmer sind auch sehr gepflegt. Der Strand ist auch schön und der Pool ist auch sehr schön. Die Animation und die Bar sind auch sehr gut. Für Jugendliche ist der Service auch sehr gut. Wir waren sehr zufrieden und werden wieder kommen. Wir haben uns sehr	 Wir waren in diesem Hotel. Die Lage ist super. Der Sandstrand ist direkt vor der Tür und das Essen ist auch gut. Die Getränke sind super und das Personal ist freundlich. Die Leute an der Rezeption sind super nett und sprechen gut deutsch. Die Zimmer sind sehr sauber und die Zimmer sind auch sehr gepflegt. Der Strand ist auch schön und der Pool ist auch sehr schön. Die Animation und die Bar sind auch sehr gut. Für Jugendliche ist der Service auch sehr gut. Wir waren sehr zufrieden und werden wieder kommen. Wir haben uns sehr	1.07338043718215	['Lage', 'Kosmetikartikel', 'Freizeit']	3	2
3	[negative]	[negative] Wir waren in diesem Hotel. Die Zimmer und die Einrichtung der Zimmer sind absolut nicht in Ordnung. Die Betten sind durchgelegen und die Matratzen durchgelegen. Die Badezimmer sind in einem katastrophalen Zustand. Die Badewanne war eine absolute Zumutung und die Atmosphäre im Zimmer war sehr schlecht. Die Lage der Erreichbarkeit der Hotelzimmer waren sehr schlecht und es war wirklich sehr hellhörig. Das Hotel verfügt über keine Rezeption im Hotel. Wenn man einen Schlüssel in der Hosentasche hat, dann hat man den Hotelmanager nie gesehen. Man wird nicht in einen	 Wir waren in diesem Hotel. Die Zimmer und die Einrichtung der Zimmer sind absolut nicht in Ordnung. Die Betten sind durchgelegen und die Matratzen durchgelegen. Die Badezimmer sind in einem katastrophalen Zustand. Die Badewanne war eine absolute Zumutung und die Atmosphäre im Zimmer war sehr schlecht. Die Lage der Erreichbarkeit der Hotelzimmer waren sehr schlecht und es war wirklich sehr hellhörig. Das Hotel verfügt über keine Rezeption im Hotel. Wenn man einen Schlüssel in der Hosentasche hat, dann hat man den Hotelmanager nie gesehen. Man wird nicht in einen	1.0703004390522832	['Atmosphäre', 'Erreichbarkeit', 'Lage']	3	0
4	[negative]	[negative] Wir waren in diesem Hotel. Das Zimmer war nicht sauber. Die Dusche hatte keinen Duschvorhang und einen Badewanne nur einen Eindruck Sauberkeit war sehr schlecht. Die Möbel waren alt und dreckig. Das war nicht mal eine Sterne Kategorie. Man hatte das Gefühl es liegt am Hotel. Das Essen war nicht abwechslungsreich. Das Hotel war für Russen nicht zu empfehlen. Die Russen waren in diesem Hotel sehr schlecht. Die Tische wurden nie eingedeckt, kein Teller und immer das gleiche, kein Besteck usw. Die Getränke waren nicht trinkbar. Die Speisen waren	 Wir waren in diesem Hotel. Das Zimmer war nicht sauber. Die Dusche hatte keinen Duschvorhang und einen Badewanne nur einen Eindruck Sauberkeit war sehr schlecht. Die Möbel waren alt und dreckig. Das war nicht mal eine Sterne Kategorie. Man hatte das Gefühl es liegt am Hotel. Das Essen war nicht abwechslungsreich. Das Hotel war für Russen nicht zu empfehlen. Die Russen waren in diesem Hotel sehr schlecht. Die Tische wurden nie eingedeckt, kein Teller und immer das gleiche, kein Besteck usw. Die Getränke waren nicht trinkbar. Die Speisen waren	1.1062204833433205	['Sauberkeit', 'Badewanne', 'Eindruck']	3	0
5	[negative]	[negative] Wir waren in diesem Hotel. Personal Atmosphäre Handtuchwechsel im Zimmer dreckig. Essen sehr schlecht. Frühstück schlecht, Käse und Wurst nicht gut. Kaffee total schlecht. Kaffee aus Automaten ungenießbar. Obst ist viel zu süß. Saft gibt es in einem anderen Zimmer. Die Getränke sind sehr billig. Essen sehr schlecht. Das Frühstück war die ganze Woche nicht anders. Obstauswahl sehr gering. Die Bedienung war sehr unfreundlich. Es gab nicht einmal eine Begrüßung, es hatte auch kaum was zu essen. Die Bedienung an den Bars war sehr	 Wir waren in diesem Hotel. Personal Atmosphäre Handtuchwechsel im Zimmer dreckig. Essen sehr schlecht. Frühstück schlecht, Käse und Wurst nicht gut. Kaffee total schlecht. Kaffee aus Automaten ungenießbar. Obst ist viel zu süß. Saft gibt es in einem anderen Zimmer. Die Getränke sind sehr billig. Essen sehr schlecht. Das Frühstück war die ganze Woche nicht anders. Obstauswahl sehr gering. Die Bedienung war sehr unfreundlich. Es gab nicht einmal eine Begrüßung, es hatte auch kaum was zu essen. Die Bedienung an den Bars war sehr	1.1617021960397766	['Atmosphäre', 'Personal', 'Handtuch']	3	0
6	[negative]	[negative] Wir waren in diesem Hotel. Die Zimmer waren dreckig, es gab keine Klimaanlage und man hörte jedes Wort der Nachbarn. Das Badezimmer war dreckig und das Wasser wurde nicht richtig gereinigt. Handtücher waren dreckig und die Bettwäsche wurde auch nicht gewechselt. Die Zimmer waren sehr dreckig. Klimaanlage und Handtücher wurden auch nicht gewechselt. Zimmerreinigung war schlecht. Handtücher wurden auch nicht gewechselt. Die Zimmerreinigung war nicht gut. Handtücher wurden nicht gewechselt. Handtücher wurden auch nicht gewechselt. Es gab nur ein Zimmer mit Klimaanlage. Zimmer war nicht sauber.	 Wir waren in diesem Hotel. Die Zimmer waren dreckig, es gab keine Klimaanlage und man hörte jedes Wort der Nachbarn. Das Badezimmer war dreckig und das Wasser wurde nicht richtig gereinigt. Handtücher waren dreckig und die Bettwäsche wurde auch nicht gewechselt. Die Zimmer waren sehr dreckig. Klimaanlage und Handtücher wurden auch nicht gewechselt. Zimmerreinigung war schlecht. Handtücher wurden auch nicht gewechselt. Die Zimmerreinigung war nicht gut. Handtücher wurden nicht gewechselt. Handtücher wurden auch nicht gewechselt. Es gab nur ein Zimmer mit Klimaanlage. Zimmer war nicht sauber.	1.0758279682888472	['Schwimmbad', 'Personal', 'Zimmerservice']	3	3
7	[negative]	[negative] Wir waren in diesem Hotel. Die Sauberkeit in dem Hotel war absolut nicht zu empfehlen. Das Essen war einfach nur schlecht. Das Frühstück war auch nicht wirklich gut. Jeden Tag das gleiche und jeden Tag das gleiche und das jeden Tag. Das Geschirr war schmutzig und die Zimmer waren auch nicht wirklich sauber. Die Zimmer hatten jeden Tag das gleiche und das war auch alles sehr schmutzig. Das Personal war auch nicht sehr freundlich. Die Zimmer waren immer dreckig und man hat sich immer beschwert. Das Hotel ist wirklich dreckig und auch die Zimmer sind	 Wir waren in diesem Hotel. Die Sauberkeit in dem Hotel war absolut nicht zu empfehlen. Das Essen war einfach nur schlecht. Das Frühstück war auch nicht wirklich gut. Jeden Tag das gleiche und jeden Tag das gleiche und das jeden Tag. Das Geschirr war schmutzig und die Zimmer waren auch nicht wirklich sauber. Die Zimmer hatten jeden Tag das gleiche und das war auch alles sehr schmutzig. Das Personal war auch nicht sehr freundlich. Die Zimmer waren immer dreckig und man hat sich immer beschwert. Das Hotel ist wirklich dreckig und auch die Zimmer sind	1.062135191171594	['Preis', 'Klimaanlage', 'Haustier']	3	3
8	[negative]	[negative] Wir waren in diesem Hotel. Das Essen war nicht sehr gut. Die Kinder essen nicht gern. Restaurant war schmutzig. Handtuchhalter an der Bar sehr dreckig. Man hat sich die ganze Zeit auf dreckige Toiletten, Gläser und Besteck beschränkt. Die Tische und die Schränke waren sehr dreckig. Das Personal war unmotiviert. Die Getränke waren sehr teür. Der Pool war sehr laut und das Bad auch sehr dreckig. Die Klimaanlage wurde nicht eingeschaltet, das einzige was es gab war ein Ventilator. Das Personal war sehr un	 Wir waren in diesem Hotel. Das Essen war nicht sehr gut. Die Kinder essen nicht gern. Restaurant war schmutzig. Handtuchhalter an der Bar sehr dreckig. Man hat sich die ganze Zeit auf dreckige Toiletten, Gläser und Besteck beschränkt. Die Tische und die Schränke waren sehr dreckig. Das Personal war unmotiviert. Die Getränke waren sehr teür. Der Pool war sehr laut und das Bad auch sehr dreckig. Die Klimaanlage wurde nicht eingeschaltet, das einzige was es gab war ein Ventilator. Das Personal war sehr un	1.0978134423588275	['Kind', 'Restaurant', 'Handtuch']	3	0
9	[negative]	[negative] Wir waren in diesem Hotel. Die Hotelanlage ist sehr heruntergekommen. Die Hotelhalle ist sehr schmutzig und die Tische und Stühle in der Hotelhalle sind schmutzig. Die Hotelanlage ist sehr dreckig und in einem schlechten Zustand. Die Hotelhalle ist sehr schmutzig und die Hotelgäste sind sehr unfreundlich. Das Essen ist ungenießbar und die Zimmer sind auch sehr dreckig. Die Zimmer sind sehr heruntergekommen und die Hotelbar ist auch sehr schlecht. Die Zimmer wurden nie gereinigt und die Handtücher wurden auch nie gewechselt. Die Hotelhalle	 Wir waren in diesem Hotel. Die Hotelanlage ist sehr heruntergekommen. Die Hotelhalle ist sehr schmutzig und die Tische und Stühle in der Hotelhalle sind schmutzig. Die Hotelanlage ist sehr dreckig und in einem schlechten Zustand. Die Hotelhalle ist sehr schmutzig und die Hotelgäste sind sehr unfreundlich. Das Essen ist ungenießbar und die Zimmer sind auch sehr dreckig. Die Zimmer sind sehr heruntergekommen und die Hotelbar ist auch sehr schlecht. Die Zimmer wurden nie gereinigt und die Handtücher wurden auch nie gewechselt. Die Hotelhalle	1.0648491016779682	['Badewanne', 'Rechnung', 'Spa']	3	3
10	[positive]	[positive] Wir waren in diesem Hotel. Atmosphäre war super Empfang war herzlich und Studio hatte ausreichend Platz um zu sitzen und zu entspannen. Es war für uns sehr entspannend. Das Essen war hervorragend und abwechslungsreich. Das Personal war immer sehr freundlich und hilfsbereit. Ein schönes Kompliment an das Animationsteam. Ich habe viel Spaß gehabt. Das Sportprogramm für Erwachsene war sehr abwechslungsreich und für jung und alt gab es viel. Es war für jeden etwas dabei. Es hat sich aber alles sehr gut organisiert und die Animateure waren sehr nett. Es war ruhig im Hotel	 Wir waren in diesem Hotel. Atmosphäre war super Empfang war herzlich und Studio hatte ausreichend Platz um zu sitzen und zu entspannen. Es war für uns sehr entspannend. Das Essen war hervorragend und abwechslungsreich. Das Personal war immer sehr freundlich und hilfsbereit. Ein schönes Kompliment an das Animationsteam. Ich habe viel Spaß gehabt. Das Sportprogramm für Erwachsene war sehr abwechslungsreich und für jung und alt gab es viel. Es war für jeden etwas dabei. Es hat sich aber alles sehr gut organisiert und die Animateure waren sehr nett. Es war ruhig im Hotel	1.0825368247107807	['Atmosphäre', 'Studio', 'Empfang']	3	0
11	[negative]	[negative] Wir waren in diesem Hotel. Der Service war eine Katastrophe. Wir hatten das Zimmer im Haupthaus gebucht. Klimaanlage kalt, Minibar nicht vorhanden, kein Handtuchheizung Heizung defekt, Betten dreckig, kein Fön im Zimmer. Der Hotelbesitzer war sehr unfreundlich. Unser Zimmer wurde nicht gereinigt, das ganze Bad dreckig und nicht geputz. Die Handtücher wurden nicht gewechselt, der Boden auch nicht, wir hatten einen großen Dreckhaufen im Zimmer.Die Kellner waren einfach nur unfreundlich. Wenn man sich umdrehte, wurde man nicht	 Wir waren in diesem Hotel. Der Service war eine Katastrophe. Wir hatten das Zimmer im Haupthaus gebucht. Klimaanlage kalt, Minibar nicht vorhanden, kein Handtuchheizung Heizung defekt, Betten dreckig, kein Fön im Zimmer. Der Hotelbesitzer war sehr unfreundlich. Unser Zimmer wurde nicht gereinigt, das ganze Bad dreckig und nicht geputz. Die Handtücher wurden nicht gewechselt, der Boden auch nicht, wir hatten einen großen Dreckhaufen im Zimmer.Die Kellner waren einfach nur unfreundlich. Wenn man sich umdrehte, wurde man nicht	1.119014924759562	['Handtuch', 'Heizung', 'Minibar']	3	0
12	[negative]	[negative] Wir waren in diesem Hotel. Das Essen war eine Katastrophe. Das Frühstück war immer das gleiche und das Abendessen war auch das schlimmste. Die Kinder hatten Durchfall und waren auch nicht mit Essen versorgt. Die Kaffee und Milch Badewanne dreckig und das Wasser im Zimmer total verkokelt und sehr schlecht. Das einzige was man trinken konnte, ist die Milch und die Milchkanne. Die Getränke an der Bar auch nur gegen Bezahlung. Man hat oft das Wasser an der Bar gekauft als man noch nicht da war. Das Personal hat oft nicht ein	 Wir waren in diesem Hotel. Das Essen war eine Katastrophe. Das Frühstück war immer das gleiche und das Abendessen war auch das schlimmste. Die Kinder hatten Durchfall und waren auch nicht mit Essen versorgt. Die Kaffee und Milch Badewanne dreckig und das Wasser im Zimmer total verkokelt und sehr schlecht. Das einzige was man trinken konnte, ist die Milch und die Milchkanne. Die Getränke an der Bar auch nur gegen Bezahlung. Man hat oft das Wasser an der Bar gekauft als man noch nicht da war. Das Personal hat oft nicht ein	1.1510610538490482	['Badewanne', 'Kaffee', 'Kind']	3	0
13	[negative]	[negative] Wir waren in diesem Hotel. Sauberkeit und Hilfe Leistungsanspruch sind nicht genug. Das Personal ist unfreundlich und unmotiviert. Die Zimmer sind sehr in die Jahre gekommen und teilweise sogar dreckig. Handtücher wurden auch nicht gewechselt. Die Anlage wurde zwar mehrmals täglich gereinigt, aber das ist wirklich nicht das Problem. Die Zimmer sind sehr abgewohnt und in sehr schlechtem Zustand. Sehr viele Flecken auf den Wänden und im Bad. Das Badezimmer ist eine Zumutung. Es stinkt nach Chemie, und in dieser Nacht stank es sehr nach Urin	 Wir waren in diesem Hotel. Sauberkeit und Hilfe Leistungsanspruch sind nicht genug. Das Personal ist unfreundlich und unmotiviert. Die Zimmer sind sehr in die Jahre gekommen und teilweise sogar dreckig. Handtücher wurden auch nicht gewechselt. Die Anlage wurde zwar mehrmals täglich gereinigt, aber das ist wirklich nicht das Problem. Die Zimmer sind sehr abgewohnt und in sehr schlechtem Zustand. Sehr viele Flecken auf den Wänden und im Bad. Das Badezimmer ist eine Zumutung. Es stinkt nach Chemie, und in dieser Nacht stank es sehr nach Urin	1.0954319293771206	['Hilfe', 'Leistungs', 'Sauberkeit']	3	0
14	[negative]	[negative] Wir waren in diesem Hotel. Sehr unfreundliches Personal. Die Hotelanlage war sehr dreckig und das Essen war ungenießbar. Die Auswahl war sehr gering und es gab jeden Tag das gleiche. Das Einzige was man essen konnte war das Frühstück! Das Personal war sehr unfreundlich und man fühlte sich nicht willkommen. Das einzige was man essen konnte war die Pizza. Es gab jeden Tag das gleiche und das war wirklich nicht gut. Das Personal war auch sehr unfreundlich. Die Bedienung an der Bar war sehr unfreundlich und man konnte sich	 Wir waren in diesem Hotel. Sehr unfreundliches Personal. Die Hotelanlage war sehr dreckig und das Essen war ungenießbar. Die Auswahl war sehr gering und es gab jeden Tag das gleiche. Das Einzige was man essen konnte war das Frühstück! Das Personal war sehr unfreundlich und man fühlte sich nicht willkommen. Das einzige was man essen konnte war die Pizza. Es gab jeden Tag das gleiche und das war wirklich nicht gut. Das Personal war auch sehr unfreundlich. Die Bedienung an der Bar war sehr unfreundlich und man konnte sich	1.0613123729947604	['Sehenswürdigkeit', 'Fenster', 'Dusche']	3	3
15	[negative]	[negative] Wir waren in diesem Hotel. Die Lage war total miserabel. Es hat einfach nicht geschmeckt. Der Pool war schmutzig und Atmosphäre einfach unerträglich. Badewanne im Pool war nicht zu benutzen. Das Essen war nicht wirklich gut. Alles war nur lauwarm und das ganze Personal war sehr unfreundlich. Die Auswahl war so groß das man nur auf die Getränke zu sich konnte. Der einzige Saft war der in der Bar. Alles musste man sich selbst holen. Die Zimmer waren dreckig, das Bett war dreckig und man konnte nur die Koffer	 Wir waren in diesem Hotel. Die Lage war total miserabel. Es hat einfach nicht geschmeckt. Der Pool war schmutzig und Atmosphäre einfach unerträglich. Badewanne im Pool war nicht zu benutzen. Das Essen war nicht wirklich gut. Alles war nur lauwarm und das ganze Personal war sehr unfreundlich. Die Auswahl war so groß das man nur auf die Getränke zu sich konnte. Der einzige Saft war der in der Bar. Alles musste man sich selbst holen. Die Zimmer waren dreckig, das Bett war dreckig und man konnte nur die Koffer	1.137197232789611	['Badewanne', 'Atmosphäre', 'Lage']	3	0
16	[positive]	[positive] Wir waren in diesem Hotel. Die Sauberkeit ist sehr gut. Die Zimmer sind groß und auch recht sauber. Man kann sich jeden Tag ein Wellness Zimmer aussuchen und sie mit Kind machen lassen. Wir hatten auch einen Zimmersafe. Der war im Zimmer vorhanden. Es wurde jeden Tag geputzt und die Betten gemacht. Der Balkon war sehr schön und die Handtücher wurden jeden Tag gewechselt. Wir haben auch immer die Zimmer gewechselt. Die Zimmer sind groß und sehr sauber. Man kann sich in jedem Zimmer die Wäsche waschen lassen, es gibt ein Bettlaken	 Wir waren in diesem Hotel. Die Sauberkeit ist sehr gut. Die Zimmer sind groß und auch recht sauber. Man kann sich jeden Tag ein Wellness Zimmer aussuchen und sie mit Kind machen lassen. Wir hatten auch einen Zimmersafe. Der war im Zimmer vorhanden. Es wurde jeden Tag geputzt und die Betten gemacht. Der Balkon war sehr schön und die Handtücher wurden jeden Tag gewechselt. Wir haben auch immer die Zimmer gewechselt. Die Zimmer sind groß und sehr sauber. Man kann sich in jedem Zimmer die Wäsche waschen lassen, es gibt ein Bettlaken	1.1062960154711898	['Wellness', 'Kind', 'Sauberkeit']	3	0
17	[negative]	[negative] Wir waren in diesem Hotel. Das Personal war sehr unfreundlich und nicht hilfsbereit. Die Zimmerreinigung war nicht gut. Die Poolanlage war dreckig und es gab keine Dusche. Es gab keine Aussicht auf die Schwimmbad. Fitnessraum gab es nicht. Die Bar war nur für die Gäste im Hotel. Die Bedienung war sehr unfreundlich. Wir haben ein anderes Zimmer bekommen. Das war besser. Der Service war so schlecht. Es wurde überhaupt nur ein Zettel aus der Hand gegeben. Der Roomboy hat auch nichts gemacht. Er hat nur die	 Wir waren in diesem Hotel. Das Personal war sehr unfreundlich und nicht hilfsbereit. Die Zimmerreinigung war nicht gut. Die Poolanlage war dreckig und es gab keine Dusche. Es gab keine Aussicht auf die Schwimmbad. Fitnessraum gab es nicht. Die Bar war nur für die Gäste im Hotel. Die Bedienung war sehr unfreundlich. Wir haben ein anderes Zimmer bekommen. Das war besser. Der Service war so schlecht. Es wurde überhaupt nur ein Zettel aus der Hand gegeben. Der Roomboy hat auch nichts gemacht. Er hat nur die	1.1035344805586622	['Aussicht', 'Schwimmbad', 'Fitness']	3	0
18	[positive]	[positive] Wir waren in diesem Hotel. Die Zimmer sind sehr groß und geräumig. Kissen sind auch gut. Die Aussicht ist traumhaft. Wellness gibt es in diesem Hotel nicht. Die Angestellten sind immer sehr nett und freundlich. Es gibt im Hotel eine Bar und eine Lobby. Im Hotel wird die ganze Anlage kostenlos von einem Kellner gesäubert. Der ganze Hotelbereich ist sehr sauber und es herrscht eine ruhige, angenehme Atmosphäre. Wir waren wirklich zufrieden mit allem. Das Personal im Hotel war immer sehr freundlich und hilfsbereit. Besonders gut hat uns die Hotelmanager	 Wir waren in diesem Hotel. Die Zimmer sind sehr groß und geräumig. Kissen sind auch gut. Die Aussicht ist traumhaft. Wellness gibt es in diesem Hotel nicht. Die Angestellten sind immer sehr nett und freundlich. Es gibt im Hotel eine Bar und eine Lobby. Im Hotel wird die ganze Anlage kostenlos von einem Kellner gesäubert. Der ganze Hotelbereich ist sehr sauber und es herrscht eine ruhige, angenehme Atmosphäre. Wir waren wirklich zufrieden mit allem. Das Personal im Hotel war immer sehr freundlich und hilfsbereit. Besonders gut hat uns die Hotelmanager	1.06636643125362	['Wellness', 'Aussicht', 'Kissen']	3	0
19	[negative]	[negative] Wir waren in diesem Hotel. Das Essen war das schlechteste was wir je gegessen haben. Jeden Tag das gleiche und nie eine Abwechslung. Die Auswahl war mehr als bescheiden und das Personal war auch nicht gerade freundlich. Die Getränke waren nicht trinkbar und die Klimaanlage nicht immer so wie man es sich wünscht. Die Klimaanlage hat einfach nicht funktioniert und der Kühlschrank war auch nicht wirklich zu gebrauchen und die Fenster waren auch nicht richtig offen. Die Dusche ist auch nicht wirklich sauber und die Heizung hat auch nicht funktioniert und wenn dann wurde einfach der ganze Kasten einfach	 Wir waren in diesem Hotel. Das Essen war das schlechteste was wir je gegessen haben. Jeden Tag das gleiche und nie eine Abwechslung. Die Auswahl war mehr als bescheiden und das Personal war auch nicht gerade freundlich. Die Getränke waren nicht trinkbar und die Klimaanlage nicht immer so wie man es sich wünscht. Die Klimaanlage hat einfach nicht funktioniert und der Kühlschrank war auch nicht wirklich zu gebrauchen und die Fenster waren auch nicht richtig offen. Die Dusche ist auch nicht wirklich sauber und die Heizung hat auch nicht funktioniert und wenn dann wurde einfach der ganze Kasten einfach	1.0780903983509527	['Rechnung', 'Fenster', 'Heizung']	3	1
20	[positive]	[positive] Wir waren in diesem Hotel. Super Urlaub. Sehr gute Lage mit super Blick auf die Bucht und die Hotelanlage. Die Küche war sehr gut. Alles sauber und die Zimmer waren immer sehr sauber. Man konnte sehr gut den ganzen Tag mit dem Personal reden. Die Angestellten sprechen alle etwas Deutsch und sind auch sehr schnell mit dem Bezahlen der Rechnung Hilfe. Wir werden nächstes Jahr wieder kommen. Der Strand ist wirklich schön und der Strand auch! Man kann die ganze Familie mitbenutzen, da wir sehr viel Spaß hatten. Wir können es sehr	 Wir waren in diesem Hotel. Super Urlaub. Sehr gute Lage mit super Blick auf die Bucht und die Hotelanlage. Die Küche war sehr gut. Alles sauber und die Zimmer waren immer sehr sauber. Man konnte sehr gut den ganzen Tag mit dem Personal reden. Die Angestellten sprechen alle etwas Deutsch und sind auch sehr schnell mit dem Bezahlen der Rechnung Hilfe. Wir werden nächstes Jahr wieder kommen. Der Strand ist wirklich schön und der Strand auch! Man kann die ganze Familie mitbenutzen, da wir sehr viel Spaß hatten. Wir können es sehr	1.1283377418169291	['Hilfe', 'Personal', 'Rechnung']	3	0
21	[positive]	[positive] Wir waren in diesem Hotel. Das Personal war sehr freundlich und hilfsbereit. Die Zimmer wurden täglich gereinigt und das Zimmer war immer sehr sauber. Die Zimmer waren sehr sauber und die Handtücher wurden täglich gewechselt. Die Zimmer wurden täglich gereinigt und die Zimmer wurden täglich gereinigt. Es gab jeden Tag frische Bettwäsche und Handtücher und der Zimmerservice war auch sehr gut. Die Zimmer wurden jeden Tag gereinigt und die Handtücher wurden jeden Tag gewechselt. Die Zimmer waren immer sehr sauber und die Zimmer wurden jeden Tag gereinigt. Wir hatten einen Zimmersafe und auch die Zimmer hatten	 Wir waren in diesem Hotel. Das Personal war sehr freundlich und hilfsbereit. Die Zimmer wurden täglich gereinigt und das Zimmer war immer sehr sauber. Die Zimmer waren sehr sauber und die Handtücher wurden täglich gewechselt. Die Zimmer wurden täglich gereinigt und die Zimmer wurden täglich gereinigt. Es gab jeden Tag frische Bettwäsche und Handtücher und der Zimmerservice war auch sehr gut. Die Zimmer wurden jeden Tag gereinigt und die Handtücher wurden jeden Tag gewechselt. Die Zimmer waren immer sehr sauber und die Zimmer wurden jeden Tag gereinigt. Wir hatten einen Zimmersafe und auch die Zimmer hatten	1.0578308326809303	['Haustier', 'Kosmetikartikel', 'Aussicht']	3	3
22	[negative]	[negative] Wir waren in diesem Hotel. Nie wieder!!! Die Zimmer sind sehr heruntergekommen. Die Zimmer sind sehr schmutzig und dreckig. Die Betten sind auch sehr heruntergekommen. Das Bad ist sehr alt und die Handtücher sind auch sehr alt. Die Dusche war auch sehr alt und das Wasser im Bad war auch sehr dreckig. Die Klimaanlage war auch sehr alt und hat auch nicht funktioniert. Die Handtücher wurden auch nicht gewechselt. Die Zimmer waren auch sehr dreckig. Die Betten waren auch sehr dreckig und die Handtücher wurden auch nicht gewechselt. Die	 Wir waren in diesem Hotel. Nie wieder!!! Die Zimmer sind sehr heruntergekommen. Die Zimmer sind sehr schmutzig und dreckig. Die Betten sind auch sehr heruntergekommen. Das Bad ist sehr alt und die Handtücher sind auch sehr alt. Die Dusche war auch sehr alt und das Wasser im Bad war auch sehr dreckig. Die Klimaanlage war auch sehr alt und hat auch nicht funktioniert. Die Handtücher wurden auch nicht gewechselt. Die Zimmer waren auch sehr dreckig. Die Betten waren auch sehr dreckig und die Handtücher wurden auch nicht gewechselt. Die	1.070471223589249	['Kissen', 'Kosmetikartikel', 'Preis']	3	3
23	[positive]	[positive] Wir waren in diesem Hotel. Das Hotel ist sehr sauber und das Personal sehr freundlich. Das Essen ist sehr gut und abwechslungsreich. Das Personal ist sehr freundlich und spricht gut deutsch. Die Zimmer sind sehr groß und sehr sauber und die Ausstattung ist auch gut. Die Lage des Hotels ist super, man ist schnell am Strand und hat die ganze Gegend erkundet. Das Personal ist sehr nett und spricht gut deutsch. Das Freizeitangebot ist groß und man kann sich dort sehr gut erholen. Das Kind und Teeny Fenster haben wir nicht genutzt, da es	 Wir waren in diesem Hotel. Das Hotel ist sehr sauber und das Personal sehr freundlich. Das Essen ist sehr gut und abwechslungsreich. Das Personal ist sehr freundlich und spricht gut deutsch. Die Zimmer sind sehr groß und sehr sauber und die Ausstattung ist auch gut. Die Lage des Hotels ist super, man ist schnell am Strand und hat die ganze Gegend erkundet. Das Personal ist sehr nett und spricht gut deutsch. Das Freizeitangebot ist groß und man kann sich dort sehr gut erholen. Das Kind und Teeny Fenster haben wir nicht genutzt, da es	1.076191374216373	['Fenster', 'Kind', 'Freizeit']	3	0
24	[negative]	[negative] Wir waren in diesem Hotel.FrühstückFrühstückFrühstückFrühstück:Frühstück schlechtFrühstückFrühstück Frühstück:Leistungs Leistungs Klimaanlage kaputt, Zimmer war in dem Zustand dreckig und es gab nicht einmal eine saubere Bettwäsche.Es gab keine Tassen zum Frühstück.Die Zimmer sind dreckig, dreckig und es gab nicht mal Aschenbecher zum Frühstück.Das Personal ist nicht sehr freundlich und spricht fast gar nicht deutsch.Die Zimmereinigung war sehr schlecht und auch dreckig.Die Handtücher wurden nicht gewechselt, es fehlten die Handtücher und es kam auch nie eine Entschuldigung.Die	 Wir waren in diesem Hotel.FrühstückFrühstückFrühstückFrühstück:Frühstück schlechtFrühstückFrühstück Frühstück:Leistungs Leistungs Klimaanlage kaputt, Zimmer war in dem Zustand dreckig und es gab nicht einmal eine saubere Bettwäsche.Es gab keine Tassen zum Frühstück.Die Zimmer sind dreckig, dreckig und es gab nicht mal Aschenbecher zum Frühstück.Das Personal ist nicht sehr freundlich und spricht fast gar nicht deutsch.Die Zimmereinigung war sehr schlecht und auch dreckig.Die Handtücher wurden nicht gewechselt, es fehlten die Handtücher und es kam auch nie eine Entschuldigung.Die	1.1486500010986889	['Klimaanlage', 'Leistungs', 'Frühstück']	3	0
25	[positive]	[positive] Wir waren in diesem Hotel. Zimmer und Badezimmer waren sehr schön und geräumig. Die Dusche war auch immer mit Hilfe von Empfangspersonal zu erreichen. Alle Zimmer hatten Klimaanlage, TV, Minibar, Safe, Telefon und eine Klimaanlage, welche wir auch in Anspruch nahmen. Es gab zwei Pools und einen im Garten, der sehr schön ist. Sehr viel wurde am Strand und in der Umgebung gemacht. In den Restaurants gibt es sehr leckere Speisen. Die Getränkepreise waren auch für den Preis völlig ausreichend. Der Strand war sauber und sauber. Die Liegen und	 Wir waren in diesem Hotel. Zimmer und Badezimmer waren sehr schön und geräumig. Die Dusche war auch immer mit Hilfe von Empfangspersonal zu erreichen. Alle Zimmer hatten Klimaanlage, TV, Minibar, Safe, Telefon und eine Klimaanlage, welche wir auch in Anspruch nahmen. Es gab zwei Pools und einen im Garten, der sehr schön ist. Sehr viel wurde am Strand und in der Umgebung gemacht. In den Restaurants gibt es sehr leckere Speisen. Die Getränkepreise waren auch für den Preis völlig ausreichend. Der Strand war sauber und sauber. Die Liegen und	1.0703185968233064	['Hilfe', 'Dusche', 'Empfang']	3	0
26	[positive]	[positive] Wir waren in diesem Hotel. Der Service war super. Die Zimmer waren sehr sauber und das Hotelpersonal war sehr freundlich. Die Animation war sehr gut. Wir haben viel Spaß mit den Animateuren gemacht. Die Minibar wurde jeden Tag aufgefüllt und die Minibar wurde auch immer aufgefüllt. Jeden Tag gab es ein anderes Programm. Die Zimmer sind immer sehr sauber und das Personal war immer sehr freundlich. Die Zimmer wurden jeden Tag gereinigt und wir hatten jeden Tag frische Handtücher. Die Handtücher wurden jeden Tag gewechselt und auch Bettwäsche wurde jeden Tag gewechselt	 Wir waren in diesem Hotel. Der Service war super. Die Zimmer waren sehr sauber und das Hotelpersonal war sehr freundlich. Die Animation war sehr gut. Wir haben viel Spaß mit den Animateuren gemacht. Die Minibar wurde jeden Tag aufgefüllt und die Minibar wurde auch immer aufgefüllt. Jeden Tag gab es ein anderes Programm. Die Zimmer sind immer sehr sauber und das Personal war immer sehr freundlich. Die Zimmer wurden jeden Tag gereinigt und wir hatten jeden Tag frische Handtücher. Die Handtücher wurden jeden Tag gewechselt und auch Bettwäsche wurde jeden Tag gewechselt	1.0593817776247343	['Teekocher', 'Kaffee', 'Badewanne']	3	3
27	[positive]	[positive] Wir waren in diesem Hotel. Die Zimmer sind sehr groß und sauber. Die Einrichtung ist auch sehr schön. Die Betten sind sehr beqüm und die Matratzen sind auch sehr beqüm. Die Handtücher und die Bettwäsche waren immer sauber und die Betten wurden jeden Tag gemacht. Die Handtücher waren auch immer top sauber. Der Zimmerservice war auch immer super freundlich und hat uns auch immer einen kleinen Guten Morgen aufs Zimmer gelegt. Die Rezeption war immer sehr nett und hat uns immer mit einem Guten Guten Morgen begrüßt. Die Kinderbetreuung war auch immer super	 Wir waren in diesem Hotel. Die Zimmer sind sehr groß und sauber. Die Einrichtung ist auch sehr schön. Die Betten sind sehr beqüm und die Matratzen sind auch sehr beqüm. Die Handtücher und die Bettwäsche waren immer sauber und die Betten wurden jeden Tag gemacht. Die Handtücher waren auch immer top sauber. Der Zimmerservice war auch immer super freundlich und hat uns auch immer einen kleinen Guten Morgen aufs Zimmer gelegt. Die Rezeption war immer sehr nett und hat uns immer mit einem Guten Guten Morgen begrüßt. Die Kinderbetreuung war auch immer super	1.0646979428484942	['Toilette', 'Rechnung', 'Servicequalität']	3	3
28	[positive]	[positive] Wir waren in diesem Hotel. Das Hotel ist sauber und das Personal ist sehr freundlich. Die Zimmer sind geräumig und die Betten waren gut. Alles in allem ein super Hotel, wir kommen wieder. Wir hatten all inclusive und konnten die Getränke sehr gut genießen. Die Getränke waren nicht zu teür, aber man konnte sich auch die anderen Getränke an der Bar holen. Der Strand ist direkt am Hotel, der Strand ist sehr schön und das Wasser ist klar. Die Lage direkt am Strand ist super, da man mit dem Bus direkt zum	 Wir waren in diesem Hotel. Das Hotel ist sauber und das Personal ist sehr freundlich. Die Zimmer sind geräumig und die Betten waren gut. Alles in allem ein super Hotel, wir kommen wieder. Wir hatten all inclusive und konnten die Getränke sehr gut genießen. Die Getränke waren nicht zu teür, aber man konnte sich auch die anderen Getränke an der Bar holen. Der Strand ist direkt am Hotel, der Strand ist sehr schön und das Wasser ist klar. Die Lage direkt am Strand ist super, da man mit dem Bus direkt zum	1.144410505722572	['Schwimmbad', 'Lage', 'Haustier']	3	2
29	[negative]	[negative] Wir waren in diesem Hotel. Das Essen war nicht genießbar. Die Auswahl war sehr gering. Es gab immer nur das gleiche und die Auswahl war sehr beschränkt. Die Auswahl war sehr bescheiden. Die Getränke waren nicht genießbar. Die Getränkeautomaten waren sehr dreckig. Die Gläser waren schmutzig und die Becher waren auch nicht sauber. Die Getränke wurden nur auf Nachfrage gebracht. Die Getränke wurden auch nicht serviert. Die Getränkeautomaten waren sehr dreckig. Die Gläser wurden auch nicht gewechselt. Die Kellner waren sehr unfreundlich. Die Getränke	 Wir waren in diesem Hotel. Das Essen war nicht genießbar. Die Auswahl war sehr gering. Es gab immer nur das gleiche und die Auswahl war sehr beschränkt. Die Auswahl war sehr bescheiden. Die Getränke waren nicht genießbar. Die Getränkeautomaten waren sehr dreckig. Die Gläser waren schmutzig und die Becher waren auch nicht sauber. Die Getränke wurden nur auf Nachfrage gebracht. Die Getränke wurden auch nicht serviert. Die Getränkeautomaten waren sehr dreckig. Die Gläser wurden auch nicht gewechselt. Die Kellner waren sehr unfreundlich. Die Getränke	1.0663474030309363	['Eindruck', 'Erreichbarkeit', 'Kosmetikartikel']	3	3
30	[positive]	[positive] Wir waren in diesem Hotel. Es war sehr sauber und das Personal war auch sehr freundlich. Die Lage des Hotels ist einfach super. Man ist in wenigen Minuten in der Hauptstadt und hat mit der öffentlichen Busverbindung auch gute Möglichkeiten zur Wellness und Sauberkeit.Die Umgebung war super, wir waren wirklich sehr zufrieden. Der Service war wirklich klasse. Alles war immer sehr nett und hilfsbereit und die Animation auch sehr gut! Das Hotel war super ruhig und man kann dort mit vielen anderen Leuten super entspannen. Es war ruhig und es war sehr schön. Der	 Wir waren in diesem Hotel. Es war sehr sauber und das Personal war auch sehr freundlich. Die Lage des Hotels ist einfach super. Man ist in wenigen Minuten in der Hauptstadt und hat mit der öffentlichen Busverbindung auch gute Möglichkeiten zur Wellness und Sauberkeit.Die Umgebung war super, wir waren wirklich sehr zufrieden. Der Service war wirklich klasse. Alles war immer sehr nett und hilfsbereit und die Animation auch sehr gut! Das Hotel war super ruhig und man kann dort mit vielen anderen Leuten super entspannen. Es war ruhig und es war sehr schön. Der	1.0703852896025061	['Wellness', 'Lage', 'Sauberkeit']	3	0
31	[negative]	[negative] Wir waren in diesem Hotel.Das Essen war einfach nur schlecht.Das Personal war sehr unfreundlich und unfreundlich.Das Personal an der Rezeption war sehr unfreundlich.Das Zimmer war sehr dreckig.Das Zimmer wurde nur einmal täglich gereinigt und das Zimmer war auch nicht sehr sauber.Das Personal war auch sehr unfreundlich.Der Strand war sehr dreckig und der Pool war auch nicht sehr sauber.Das Personal an der Rezeption war sehr unfreundlich.Das Hotel ist sehr alt und das Personal war auch nicht sehr freundlich.Das Hotel ist	 Wir waren in diesem Hotel.Das Essen war einfach nur schlecht.Das Personal war sehr unfreundlich und unfreundlich.Das Personal an der Rezeption war sehr unfreundlich.Das Zimmer war sehr dreckig.Das Zimmer wurde nur einmal täglich gereinigt und das Zimmer war auch nicht sehr sauber.Das Personal war auch sehr unfreundlich.Der Strand war sehr dreckig und der Pool war auch nicht sehr sauber.Das Personal an der Rezeption war sehr unfreundlich.Das Hotel ist sehr alt und das Personal war auch nicht sehr freundlich.Das Hotel ist	1.0624853510869778	['Lage', 'Haustier', 'Preis']	3	3
32	[negative]	[negative] Wir waren in diesem Hotel. Sehr schlecht. Das Essen war einfach nur schlecht. Das Personal war sehr unfreundlich und hatte kein Interesse. Die zimmer waren dreckig. Auf den Zimmer Handtuch parkplatz, auf dem Flur kein Fenster. Die Betten war schrecklich, der Fußboden war dreckig, es gab keinen Platz auf dem Balkon. Die ganze Nacht wurden wir nicht gefragt was wir machen sollten. Auf jeden Fall nie wieder!!! In dem Zimmer wurde man von den Angestellten nur belächelt und es wurde einfach nur das gemacht was man wollte. Die	 Wir waren in diesem Hotel. Sehr schlecht. Das Essen war einfach nur schlecht. Das Personal war sehr unfreundlich und hatte kein Interesse. Die zimmer waren dreckig. Auf den Zimmer Handtuch parkplatz, auf dem Flur kein Fenster. Die Betten war schrecklich, der Fußboden war dreckig, es gab keinen Platz auf dem Balkon. Die ganze Nacht wurden wir nicht gefragt was wir machen sollten. Auf jeden Fall nie wieder!!! In dem Zimmer wurde man von den Angestellten nur belächelt und es wurde einfach nur das gemacht was man wollte. Die	1.077589991617323	['Handtuch', 'Personal', 'Parkplatz']	3	0
33	[positive]	[positive] Wir waren in diesem Hotel. Das Personal war sehr freundlich und hilfsbereit. Die Zimmer waren sauber und die Zimmer wurden jeden Tag gereinigt. Die Zimmer wurden jeden Tag gereinigt und die Handtücher wurden täglich gewechselt. Lage des Hotels ist super und wir hatten Parkplatz. Schwimmbad und Sauna waren sehr schön. Die Zimmer sind mit einer Terasse verbunden, so dass man immer auf dem Sonnendeck eine ruhige und sonnige Lage hat. Es wurde jeden Tag frische Bettwäsche und Handtücher für den Strand gelegt. Der Strand war sehr sauber, es gab immer freie Liegen und man	 Wir waren in diesem Hotel. Das Personal war sehr freundlich und hilfsbereit. Die Zimmer waren sauber und die Zimmer wurden jeden Tag gereinigt. Die Zimmer wurden jeden Tag gereinigt und die Handtücher wurden täglich gewechselt. Lage des Hotels ist super und wir hatten Parkplatz. Schwimmbad und Sauna waren sehr schön. Die Zimmer sind mit einer Terasse verbunden, so dass man immer auf dem Sonnendeck eine ruhige und sonnige Lage hat. Es wurde jeden Tag frische Bettwäsche und Handtücher für den Strand gelegt. Der Strand war sehr sauber, es gab immer freie Liegen und man	1.1098861577819121	['Parkplatz', 'Schwimmbad', 'Lage']	3	0
34	[negative]	[negative] Wir waren in diesem Hotel. Die Bettdecken waren dreckig und die WLAN Rechnung wurde auch nicht aufgefüllt. Das Personal war auch nicht sehr freundlich und sehr unfreundlich. Wir mussten sogar das Zimmer wechseln obwohl wir All In gebucht haben. Es stank wirklich nach Müll, auch die Handtücher wurden nicht gewechselt. Die Zimmer wurden nicht einmal gesäubert, Bettwäsche wurde gar nicht gewechselt! Die Betten waren ziemlich durchgelegen, dreckig und dreckig. Das Wasser an der Poolbar schmeckte nach Chlor und wurde nicht richtig aufgefüllt.	 Wir waren in diesem Hotel. Die Bettdecken waren dreckig und die WLAN Rechnung wurde auch nicht aufgefüllt. Das Personal war auch nicht sehr freundlich und sehr unfreundlich. Wir mussten sogar das Zimmer wechseln obwohl wir All In gebucht haben. Es stank wirklich nach Müll, auch die Handtücher wurden nicht gewechselt. Die Zimmer wurden nicht einmal gesäubert, Bettwäsche wurde gar nicht gewechselt! Die Betten waren ziemlich durchgelegen, dreckig und dreckig. Das Wasser an der Poolbar schmeckte nach Chlor und wurde nicht richtig aufgefüllt.	1.1944813244691366	['WLAN', 'Rechnung', 'Bett']	3	0
35	[positive]	[positive] Wir waren in diesem Hotel. Der Service war super und auch die Rezeption war sehr freundlich und zuvorkommend. Die Atmosphäre war wie schon erwähnt super. Alle waren sehr nett drauf und hatten einen guten und freundlichen Service. Die Zimmer wurden jeden Tag gereinigt und die Bettwäsche und die Handtücher wurden auch jeden Tag gewechselt. Wir hatten sogar eine Suite direkt am Strand und das war wirklich sehr schön.Das Essen war auch gut und die Getränkerechnung war auch nicht das letzte Mal. Wir sind auch öfters im Empfang und haben die Rechnung bezahlt, da man dort einen	 Wir waren in diesem Hotel. Der Service war super und auch die Rezeption war sehr freundlich und zuvorkommend. Die Atmosphäre war wie schon erwähnt super. Alle waren sehr nett drauf und hatten einen guten und freundlichen Service. Die Zimmer wurden jeden Tag gereinigt und die Bettwäsche und die Handtücher wurden auch jeden Tag gewechselt. Wir hatten sogar eine Suite direkt am Strand und das war wirklich sehr schön.Das Essen war auch gut und die Getränkerechnung war auch nicht das letzte Mal. Wir sind auch öfters im Empfang und haben die Rechnung bezahlt, da man dort einen	1.0615014279309223	['Atmosphäre', 'Empfang', 'Rechnung']	3	0
36	[positive]	[positive] Wir waren in diesem Hotel. Ausstattung war Komfortfrühstück Frühstück: frische Bagütte, verschiedene Wurstsorten, Müsli, Käse Wurst und Käse, Obst. Abendessenbuffet sehr reichhaltig und abwechslungsreich. Alle Mahlzeiten waren zu jeder Tageszeit genießbar. Jeden Tag frische Früchte, Salate, Fleisch, Fisch und Fischgerichte. Der Service war immer sehr aufmerksam und freundlich. Es war für jeden was dabei und man konnte alles zu sich nehmen. Sehr gut war die Lage direkt an einer Promenade, die sehr schön war. Die Lage ist ruhig und das Wasser	 Wir waren in diesem Hotel. Ausstattung war Komfortfrühstück Frühstück: frische Bagütte, verschiedene Wurstsorten, Müsli, Käse Wurst und Käse, Obst. Abendessenbuffet sehr reichhaltig und abwechslungsreich. Alle Mahlzeiten waren zu jeder Tageszeit genießbar. Jeden Tag frische Früchte, Salate, Fleisch, Fisch und Fischgerichte. Der Service war immer sehr aufmerksam und freundlich. Es war für jeden was dabei und man konnte alles zu sich nehmen. Sehr gut war die Lage direkt an einer Promenade, die sehr schön war. Die Lage ist ruhig und das Wasser	1.3199423212708006	['Ausstattung', 'Frühstück', 'Komfort']	3	0
37	[negative]	[negative] Wir waren in diesem Hotel. Bettlaken dreckig, Bad dreckig, kein Föhn, Bad wurde nicht einmal einmal gewischt, keine Klimaanlage. Kein Fernseher, Minibar nur einen preiswerten, nicht sehr preiswerten. Zimmer wurden nicht einmal gesäubert, Handtücher wurden nur auf Aufforderung gewechselt. Zimmerreinigung war nicht sehr gut. Es wurde nicht einmal gewischt, man hat sich die Haare vom ersten Tag an auf die Zimmerwand geklatscht. Preislich nicht viel wert. Wellness nicht vorhanden. Es wurden lediglich ein paar kleine Massagen gemacht	 Wir waren in diesem Hotel. Bettlaken dreckig, Bad dreckig, kein Föhn, Bad wurde nicht einmal einmal gewischt, keine Klimaanlage. Kein Fernseher, Minibar nur einen preiswerten, nicht sehr preiswerten. Zimmer wurden nicht einmal gesäubert, Handtücher wurden nur auf Aufforderung gewechselt. Zimmerreinigung war nicht sehr gut. Es wurde nicht einmal gewischt, man hat sich die Haare vom ersten Tag an auf die Zimmerwand geklatscht. Preislich nicht viel wert. Wellness nicht vorhanden. Es wurden lediglich ein paar kleine Massagen gemacht	1.1273919059160613	['Bett', 'Wellness', 'Preis']	3	0
38	[negative]	"[negative] Wir waren in diesem Hotel. Das Essen war nicht mehr zu empfehlen. Die Preisgestaltung war nicht das was wir uns vorgestellt hatten. Der Service in diesem Hotel war einfach nur schlecht. Hilfe wir hatten Handtuchwechsel und mussten die ganze Woche auf unsere Getränke warten. Und das am Tag unserer Ankunft. Die Zimmer waren sehr unhygienisch und auch nicht sehr sauber, das Bad sehr klein und der Boden wurde nicht gewischt. Auf unsere Nachfrage an der Rezeption hieß es: ""Wir könnten die Zimmer nicht reinigen."""" Und es waren sehr"	" Wir waren in diesem Hotel. Das Essen war nicht mehr zu empfehlen. Die Preisgestaltung war nicht das was wir uns vorgestellt hatten. Der Service in diesem Hotel war einfach nur schlecht. Hilfe wir hatten Handtuchwechsel und mussten die ganze Woche auf unsere Getränke warten. Und das am Tag unserer Ankunft. Die Zimmer waren sehr unhygienisch und auch nicht sehr sauber, das Bad sehr klein und der Boden wurde nicht gewischt. Auf unsere Nachfrage an der Rezeption hieß es: ""Wir könnten die Zimmer nicht reinigen."""" Und es waren sehr"	1.0996660883435847	['Handtuch', 'Preis', 'Hilfe']	3	0
39	[negative]	[negative] Wir waren in diesem Hotel. Essen sehr schlecht. Die Auswahl war sehr klein. Das Frühstück war sehr bescheiden. Es gab fast jeden Tag das gleiche. Das Abendessen war sehr schlecht. Es gab immer das gleiche. Es gab jeden Tag das gleiche. Die Speisen waren sehr schlecht. Es gab immer die gleichen Salate. Es gab jeden Tag das gleiche. Die Auswahl war sehr klein. Die Speisen waren auch nicht immer frisch. Es gab immer nur eine Sorte Fleisch und eine Sorte Gemüse. Die Auswahl war auch sehr gering. Es gab immer nur	 Wir waren in diesem Hotel. Essen sehr schlecht. Die Auswahl war sehr klein. Das Frühstück war sehr bescheiden. Es gab fast jeden Tag das gleiche. Das Abendessen war sehr schlecht. Es gab immer das gleiche. Es gab jeden Tag das gleiche. Die Speisen waren sehr schlecht. Es gab immer die gleichen Salate. Es gab jeden Tag das gleiche. Die Auswahl war sehr klein. Die Speisen waren auch nicht immer frisch. Es gab immer nur eine Sorte Fleisch und eine Sorte Gemüse. Die Auswahl war auch sehr gering. Es gab immer nur	1.0705885116846627	['Teekocher', 'Geräuschpegel', 'Toilette']	3	3
40	[positive]	[positive] Wir waren in diesem Hotel. Das Hotel ist sehr sauber und die Zimmer haben einen schönen Balkon. Die Minibar wird täglich aufgefüllt und die Betten sind sehr beqüm und die Handtücher werden täglich gewechselt. Das Personal ist sehr freundlich und hilfsbereit. Wir haben auch Halbpension gebucht und können dieses Hotel sehr empfehlen. Die Küche ist abwechslungsreich und die Küche hat auch einen guten Geschmack. Die Zimmer sind sehr schön und die Zimmer sind mit allem ausgestattet was man braucht. Die Zimmer sind sehr schön und die ganze Anlage ist sauber. Wir kommen wieder! Wir	 Wir waren in diesem Hotel. Das Hotel ist sehr sauber und die Zimmer haben einen schönen Balkon. Die Minibar wird täglich aufgefüllt und die Betten sind sehr beqüm und die Handtücher werden täglich gewechselt. Das Personal ist sehr freundlich und hilfsbereit. Wir haben auch Halbpension gebucht und können dieses Hotel sehr empfehlen. Die Küche ist abwechslungsreich und die Küche hat auch einen guten Geschmack. Die Zimmer sind sehr schön und die Zimmer sind mit allem ausgestattet was man braucht. Die Zimmer sind sehr schön und die ganze Anlage ist sauber. Wir kommen wieder! Wir	1.0992727236137638	['Hilfe', 'Teekocher', 'Freizeit']	3	3
41	[positive]	[positive] Wir waren in diesem Hotel. Zimmer waren sehr sauber und geräumig mit Dusche und Badewanne. Kaffee Eindruck wie auch die Zimmer haben eine sehr schöne Atmosphäre, das Restaurant hat auch eine gute Auswahl und das Personal war immer nett und hilfsbereit.Das Essen war sehr reichhaltig und auch das Angebot an Getränken war groß, wir haben nicht zugenommen und es war für unseren Geschmack sehr gut.Es gab auch einige Gerichte, welche man nicht so schlecht machen konnte, die Auswahl war auch sehr vielfältig und auch die Auswahl der Speisen war mehr als ausreichend.Auch die	 Wir waren in diesem Hotel. Zimmer waren sehr sauber und geräumig mit Dusche und Badewanne. Kaffee Eindruck wie auch die Zimmer haben eine sehr schöne Atmosphäre, das Restaurant hat auch eine gute Auswahl und das Personal war immer nett und hilfsbereit.Das Essen war sehr reichhaltig und auch das Angebot an Getränken war groß, wir haben nicht zugenommen und es war für unseren Geschmack sehr gut.Es gab auch einige Gerichte, welche man nicht so schlecht machen konnte, die Auswahl war auch sehr vielfältig und auch die Auswahl der Speisen war mehr als ausreichend.Auch die	1.117300953735217	['Eindruck', 'Badewanne', 'Kaffee']	3	0
42	[negative]	[negative] Wir waren in diesem Hotel. Das Essen war eine Zumutung. Die Auswahl war sehr gering und das Essen war nicht abwechslungsreich. Die Auswahl war auch nicht der Brüller. Die Getränke waren auch nicht sehr gut. Die Sauberkeit war auch nicht gut. Die Tische waren oft schmutzig und die Gläser waren oft dreckig. Die Gläser waren auch oft nicht sauber. Die Atmosphäre im Speisesaal war auch nicht sehr einladend. Die Atmosphäre war auch nicht sehr freundlich. Die Kinder haben sich oft nicht benommen. Die Kinder haben sich oft nicht ben	 Wir waren in diesem Hotel. Das Essen war eine Zumutung. Die Auswahl war sehr gering und das Essen war nicht abwechslungsreich. Die Auswahl war auch nicht der Brüller. Die Getränke waren auch nicht sehr gut. Die Sauberkeit war auch nicht gut. Die Tische waren oft schmutzig und die Gläser waren oft dreckig. Die Gläser waren auch oft nicht sauber. Die Atmosphäre im Speisesaal war auch nicht sehr einladend. Die Atmosphäre war auch nicht sehr freundlich. Die Kinder haben sich oft nicht benommen. Die Kinder haben sich oft nicht ben	1.0763175568041894	['Haustier', 'Heizung', 'Freizeit']	3	3
43	[negative]	[negative] Wir waren in diesem Hotel. Das Personal war sehr unfreundlich. Das Frühstück war nicht besonders und das Abendessen war auch nicht besonders. Es gab nur zwei Frühstück und zwei Abendessen. Das Frühstück war sehr schlecht und das Abendessen war auch nicht gut. Das Frühstück war sehr schlecht. Es gab nur zwei Brötchen und zwei Marmeladen und das alles sah aus wie aus der Packung. Das Abendessen war auch nicht gut. Es gab nicht einmal einen Salat und das Essen war auch nicht so gut. Es gab jeden Tag das gleiche und das Frühstück war auch	 Wir waren in diesem Hotel. Das Personal war sehr unfreundlich. Das Frühstück war nicht besonders und das Abendessen war auch nicht besonders. Es gab nur zwei Frühstück und zwei Abendessen. Das Frühstück war sehr schlecht und das Abendessen war auch nicht gut. Das Frühstück war sehr schlecht. Es gab nur zwei Brötchen und zwei Marmeladen und das alles sah aus wie aus der Packung. Das Abendessen war auch nicht gut. Es gab nicht einmal einen Salat und das Essen war auch nicht so gut. Es gab jeden Tag das gleiche und das Frühstück war auch	1.0680740917267306	['Lobby', 'Kissen', 'Zimmerservice']	3	3
44	[positive]	[positive] Wir waren in diesem Hotel. Es war super schön. Die Zimmer waren sehr geräumig und sauber. Sauberkeit war gut. Das Personal war immer freundlich und hilfsbereit.Frühstück und Abendessen war sehr gut. Es gab viel frisches Obst und auch die Speisen waren sehr gut. Es gab täglich verschiedene Gerichte. Wir haben viel gegessen und waren zufrieden. Die Gäste waren sehr zufrieden. Wir kommen wieder. Wir hatten ein Zimmer mit Meerblick und Meerblickzimmer. Alles war sehr sauber und die Zimmer waren geräumig. Das Zimmer war sehr sauber und die Zimmer waren immer sauber	 Wir waren in diesem Hotel. Es war super schön. Die Zimmer waren sehr geräumig und sauber. Sauberkeit war gut. Das Personal war immer freundlich und hilfsbereit.Frühstück und Abendessen war sehr gut. Es gab viel frisches Obst und auch die Speisen waren sehr gut. Es gab täglich verschiedene Gerichte. Wir haben viel gegessen und waren zufrieden. Die Gäste waren sehr zufrieden. Wir kommen wieder. Wir hatten ein Zimmer mit Meerblick und Meerblickzimmer. Alles war sehr sauber und die Zimmer waren geräumig. Das Zimmer war sehr sauber und die Zimmer waren immer sauber	1.052180147578128	['Badewanne', 'Ruhe', 'Zimmerservice']	3	3
45	[positive]	[positive] Wir waren in diesem Hotel. Das Hotel wurde täglich gereinigt. Atmosphäre sehr ruhig und ruhig. Der Wellness WLAN-Anschluss war kostenlos. Sehr gutes und abwechslungsreiches Essen. Sehr freundliches und aufmerksames Personal. Sehr gutes und preisgünstiges Abendessen. Sehr gutes und abwechslungsreiches Frühstücksbuffet. Es war alles sehr lecker und abwechslungsreich. Sehr empfehlenswert. Sehr zu empfehlen! Wir kommen auf jeden Fall wieder! Das ganze Hotel ist sehr gepflegt. Alles sehr sauber und ordentlich. Auch die Zimmer in einem sehr guten Zustand. Sehr freundliches und hilfsbereites Personal. Auch das Bar	 Wir waren in diesem Hotel. Das Hotel wurde täglich gereinigt. Atmosphäre sehr ruhig und ruhig. Der Wellness WLAN-Anschluss war kostenlos. Sehr gutes und abwechslungsreiches Essen. Sehr freundliches und aufmerksames Personal. Sehr gutes und preisgünstiges Abendessen. Sehr gutes und abwechslungsreiches Frühstücksbuffet. Es war alles sehr lecker und abwechslungsreich. Sehr empfehlenswert. Sehr zu empfehlen! Wir kommen auf jeden Fall wieder! Das ganze Hotel ist sehr gepflegt. Alles sehr sauber und ordentlich. Auch die Zimmer in einem sehr guten Zustand. Sehr freundliches und hilfsbereites Personal. Auch das Bar	1.1163940635821477	['Atmosphäre', 'Wellness', 'WLAN']	3	0
46	[negative]	[negative] Wir waren in diesem Hotel. Zimmer alt und dreckig. Das Frühstück und das Abendessen waren eine Katastrophe. Jeden Tag das gleiche Essen und jeden Tag das gleiche Obst und Gemüse. Das Abendessen war nicht genießbar. Alles war sehr fett und geschmacklos. Das Frühstück war auch nicht gut. Es gab jeden Tag das gleiche Essen und jeden Tag das gleiche Kuchen und Obst. Das Frühstück war auch nicht lecker. Alles in allem war das Essen nicht zu empfehlen. Das Personal war sehr schlecht und das Essen war auch nicht lecker. Die Zimmer	 Wir waren in diesem Hotel. Zimmer alt und dreckig. Das Frühstück und das Abendessen waren eine Katastrophe. Jeden Tag das gleiche Essen und jeden Tag das gleiche Obst und Gemüse. Das Abendessen war nicht genießbar. Alles war sehr fett und geschmacklos. Das Frühstück war auch nicht gut. Es gab jeden Tag das gleiche Essen und jeden Tag das gleiche Kuchen und Obst. Das Frühstück war auch nicht lecker. Alles in allem war das Essen nicht zu empfehlen. Das Personal war sehr schlecht und das Essen war auch nicht lecker. Die Zimmer	1.0652371641908187	['Zimmerservice', 'Fenster', 'Kind']	3	3
47	[negative]	[negative] Wir waren in diesem Hotel. Essen schlecht, Zimmer einfach nur schlecht. Restaurant und Wellness waren nur auf Aussicht. Alles andere nicht! Personal ist nicht so freundlich. Alles total dreckig. Alles voller Dreck, alles in allem: Hotel ist zu 100 % Sterne. Das Personal ist nicht freundlich. Das Essen ist einfach nicht zu genießen. Die Zimmer sind einfach nur ekelig. Die ganze Anlage ist sehr alt und schmutzig. Die Zimmer sind dreckig. Alles wird von den Gästen gemacht. Der Pool ist dreckig. Die Dusche ist	 Wir waren in diesem Hotel. Essen schlecht, Zimmer einfach nur schlecht. Restaurant und Wellness waren nur auf Aussicht. Alles andere nicht! Personal ist nicht so freundlich. Alles total dreckig. Alles voller Dreck, alles in allem: Hotel ist zu 100 % Sterne. Das Personal ist nicht freundlich. Das Essen ist einfach nicht zu genießen. Die Zimmer sind einfach nur ekelig. Die ganze Anlage ist sehr alt und schmutzig. Die Zimmer sind dreckig. Alles wird von den Gästen gemacht. Der Pool ist dreckig. Die Dusche ist	1.1274215573326194	['Aussicht', 'Restaurant', 'Wellness']	3	0
48	[positive]	[positive] Wir waren in diesem Hotel. Der Pool war sehr sauber und kalt. Das Personal war sehr freundlich und zuvorkommend. Auch der Hoteleigene Frühstücksraum und der Klimaanlage sind sehr zu empfehlen, Heizung am Strand gegen Gebühr und die Minibar. Auch das Hotel bietet täglich eine große Auswahl an Aktivitäten an, was wir sehr zu schätzen gelernt haben. Auch die Animation war sehr unterhaltsam und abwechslungsreich. Wir haben uns sehr wohl gefühlt und können das Hotel auf jeden Fall weiterempfehlen. Die Lage ist perfekt, in einer guten Gegend, mit einem Mietwagen sind wir immer unterwegs	 Wir waren in diesem Hotel. Der Pool war sehr sauber und kalt. Das Personal war sehr freundlich und zuvorkommend. Auch der Hoteleigene Frühstücksraum und der Klimaanlage sind sehr zu empfehlen, Heizung am Strand gegen Gebühr und die Minibar. Auch das Hotel bietet täglich eine große Auswahl an Aktivitäten an, was wir sehr zu schätzen gelernt haben. Auch die Animation war sehr unterhaltsam und abwechslungsreich. Wir haben uns sehr wohl gefühlt und können das Hotel auf jeden Fall weiterempfehlen. Die Lage ist perfekt, in einer guten Gegend, mit einem Mietwagen sind wir immer unterwegs	1.0683822690718752	['Heizung', 'Frühstück', 'Klimaanlage']	3	0
49	[positive]	[positive] Wir waren in diesem Hotel. Wir waren sehr zufrieden. Das Essen war sehr gut und abwechslungsreich. Die Zimmer waren sehr sauber und wurden täglich gereinigt. Unser Zimmer war mit Klimaanlage, Kühlschrank und TV ausgestattet. Die Zimmer hatten einen Balkon mit Terrasse und die Klimaanlage hat gut funktioniert. Klimaanlage Heizung Studio Hilfe haben wir bekommen mit dem Hotel hatten wir kein Problem. Sehr nette Rezeption. Der Service war sehr gut und auch die Angestellten sind sehr hilfsbereit und die Zimmer sind immer sauber. Das Hotel war super zu empfehlen. Wir hatten einen schönen Urlaub! Für	 Wir waren in diesem Hotel. Wir waren sehr zufrieden. Das Essen war sehr gut und abwechslungsreich. Die Zimmer waren sehr sauber und wurden täglich gereinigt. Unser Zimmer war mit Klimaanlage, Kühlschrank und TV ausgestattet. Die Zimmer hatten einen Balkon mit Terrasse und die Klimaanlage hat gut funktioniert. Klimaanlage Heizung Studio Hilfe haben wir bekommen mit dem Hotel hatten wir kein Problem. Sehr nette Rezeption. Der Service war sehr gut und auch die Angestellten sind sehr hilfsbereit und die Zimmer sind immer sauber. Das Hotel war super zu empfehlen. Wir hatten einen schönen Urlaub! Für	1.1334376832685646	['Studio', 'Heizung', 'Hilfe']	3	0
